-- MySQL dump 10.16  Distrib 10.1.26-MariaDB, for debian-linux-gnu (x86_64)
--
-- Host: localhost    Database: db
-- ------------------------------------------------------
-- Server version	10.1.26-MariaDB-0+deb9u1

/*!40101 SET @OLD_CHARACTER_SET_CLIENT=@@CHARACTER_SET_CLIENT */;
/*!40101 SET @OLD_CHARACTER_SET_RESULTS=@@CHARACTER_SET_RESULTS */;
/*!40101 SET @OLD_COLLATION_CONNECTION=@@COLLATION_CONNECTION */;
/*!40101 SET NAMES utf8mb4 */;
/*!40103 SET @OLD_TIME_ZONE=@@TIME_ZONE */;
/*!40103 SET TIME_ZONE='+00:00' */;
/*!40014 SET @OLD_UNIQUE_CHECKS=@@UNIQUE_CHECKS, UNIQUE_CHECKS=0 */;
/*!40014 SET @OLD_FOREIGN_KEY_CHECKS=@@FOREIGN_KEY_CHECKS, FOREIGN_KEY_CHECKS=0 */;
/*!40101 SET @OLD_SQL_MODE=@@SQL_MODE, SQL_MODE='NO_AUTO_VALUE_ON_ZERO' */;
/*!40111 SET @OLD_SQL_NOTES=@@SQL_NOTES, SQL_NOTES=0 */;

--
-- Table structure for table `bien_inmueble`
--

DROP TABLE IF EXISTS `bien_inmueble`;
/*!40101 SET @saved_cs_client     = @@character_set_client */;
/*!40101 SET character_set_client = utf8 */;
CREATE TABLE `bien_inmueble` (
  `hoja_vida_id` mediumint(9) DEFAULT NULL,
  `tipo_bien` varchar(35) DEFAULT NULL,
  `ubicacion_ubigeo` varchar(0) DEFAULT NULL,
  `ubicacion_pais` varchar(0) DEFAULT NULL,
  `ubicacion_departamento` varchar(0) DEFAULT NULL,
  `ubicacion_provincia` varchar(0) DEFAULT NULL,
  `ubicacion_distrito` varchar(0) DEFAULT NULL,
  `ubicacion_direccion` varchar(245) DEFAULT NULL,
  `sunarp_tiene` tinyint(4) DEFAULT NULL,
  `sunarp_partida` varchar(9) DEFAULT NULL,
  `comentario` text,
  `auto_valuo` decimal(9,2) DEFAULT NULL,
  `uit` decimal(2,1) DEFAULT NULL
) ENGINE=InnoDB DEFAULT CHARSET=utf8mb4;
/*!40101 SET character_set_client = @saved_cs_client */;

--
-- Dumping data for table `bien_inmueble`
--

LOCK TABLES `bien_inmueble` WRITE;
/*!40000 ALTER TABLE `bien_inmueble` DISABLE KEYS */;
INSERT INTO `bien_inmueble` VALUES (133825,'PARCELA Y CASA','','','','','','PREDIO LA CRUZ SALITRE Y BUJAMA',0,'P17039772','LA CASA ESTA INSCRITA EN LA MUNICIPALIDAD MALA',223048.59,0.0),(133825,'REGISTRO DE PREDIOS','','','','','','CALLE LOS LAURELES NUM 388 ESTAC 8-1S   SAN ISIDRO - LIMA - LIMA',0,'49081183','',19658.58,0.0),(133825,'REGISTRO DE PREDIOS','','','','','','CALLE LOS LAURELES NUM 388 ESTAC 9-1S   SAN ISIDRO - LIMA - LIMA',0,'49081184','',19658.58,0.0),(133825,'REGISTRO DE PREDIOS','','','','','','CALLE LOS LAURELES NUM 388 ESTAC 10-1S   SAN ISIDRO - LIMA - LIMA',0,'49081185','',17252.61,0.0),(133825,'REGISTRO DE PREDIOS','','','','','','CALLE LOS LAURELES NUM 390 DPTO 201 - SEGUNDO PISO   SAN ISIDRO - LIMA - LIMA',0,'49081186','',243142.69,0.0),(133825,'REGISTRO DE PREDIOS','','','','','','ZONA: ZONA REGISTRAL IX - SEDE LIMA; OFICINA: CAÑETE',0,'21109548','',31032.86,0.0),(133837,'REGISTRO DE PREDIOS','','','','','','AVENIDA VELASCO ASTETE NUM 1351-1361     SANTIAGO DE SURCO - LIMA - LIMA',0,'44851636','',28839.49,0.0),(133837,'REGISTRO DE PREDIOS','','','','','','AVENIDA VELASCO ASTETE NUM 1357     SANTIAGO DE SURCO - LIMA - LIMA',0,'44851679','',141828.87,0.0),(133837,'REGISTRO DE PREDIOS','','','','','','AVENIDA ARENALES NUM 865 ESTAC N° 13 - PRIMER PISO   MIRAFLORES - LIMA - LIMA',0,'49029033','',9284.54,0.0),(133837,'REGISTRO DE PREDIOS','','','','','','AVENIDA ARENALES NUM 865 DEPOSIT N° 5 - PRIMER PISO   MIRAFLORES - LIMA - LIMA',0,'49029042','',574.05,0.0),(133837,'REGISTRO DE PREDIOS','','','','','','AVENIDA ARENALES NUM 863 DPTO N° 202 - SEGUNDO PISO - PRIMER BLOCK   MIRAFLORES - LIMA - LIMA',0,'49029055','',137145.35,0.0),(133837,'REGISTRO DE PREDIOS','','','','','','  MZ A LOTE 002 CC.HH ASO VIV DEL PERIODISTA PEDRO PABLO FLORES MEDINA ICA - ICA - ICA',0,'2009314','',27000.00,0.0),(133886,'PREDIO','','','','','','CALLE CHILLACO MZ C LOTE 16 URB SAN FERNANDO - PACHACAMAC',0,'42279374','',308187.70,0.0),(133886,'DEPARTAMENTO','','','','','','AV JAVIER PRADO OESTE 1004 DPTO 1501',0,'41437413','',314478.25,0.0),(133886,'INMUEBLE','','','','','','CALLE PUCARA MZ H LOTE 1 URB JATOSISA',0,'49052493','',392120.00,0.0),(133886,'ESTACIONAMIENTO','','','','','','AV COSTA PERUANA 379 ESTACIONAMIENTO 12 - PUNTA HERMOSA',0,'11256998','',40000.00,0.0),(133886,'DEPOSITO','','','','','','AV MALECON SUPERIOR Y AV COSTA PERUANA DEPOSITO 201 URB EL SILENCIO - PUNTA HERMOSA',0,'11257019','',10000.00,0.0),(133886,'INMUEBLE','','','','','','JR COMANDANTE MANUEL VILLAVICENCIO 1017 VIVIENDA N° 26 DEPTO N° 701LINCE',0,'12548100','',120959.83,0.0),(133886,'DEPARTAMENTO','','','','','','JR COMANDANTE MARISCAL RAMON CASTILLA 125 DPTO 4 PRIMER PISO - SAN MIGUEL',0,'12888667','',13575.44,0.0),(133886,'ESTACIONAMIENTO/DEPOSITO','','','','','','AV COSTA PERUANA 1248 ESTACIONAMIENTO 16 CON DEPOSITO 16 - PUNTA HERMOSA',0,'13300930','',17735.51,0.0),(133886,'DEPARTAMENTO','','','','','','SUPERIOR 1253 DPTO 501 QUINTO PISO Y TECHO URB EL SILENCIO - PUNTA HERMOSA',0,'13300949','',346449.38,0.0),(133886,'CASA','','','','','','MZ B LOTE 55 URB EL CUADRO - CHACLACAYO',0,'42798347','',145315.97,0.0),(133886,'PREDIO','','','','','','CALLE PUERTO PRINCIPE MZ T LOTE 17 URB LOS LAURELES - CHORRILLOS',0,'11014331','',259000.00,0.0),(133886,'PREDIO','','','','','','MZ L2 LOTE 8 URB EL SILENCIO - PUNTA HERMOSA',0,'11131106','',279406.89,0.0),(133886,'DEPARTAMENTO','','','','','','AV MALECON SUPERIOR 388 DPTO 201',0,'11257003','',95787.36,0.0),(133886,'PREDIO','','','','','','COMANDANTE MANUEL VILLAVICENCIO 1023 NUM 10 ESTAC 9 (SIMPLE)PRIMER PISO - LINCE',0,'12548080','',12575.78,0.0),(133886,'PREDIO','','','','','','AV SAN PEDRO Y CALLE BOLIVAR NUM B-36-1 SECTOR PREDIO SAN VICENTE - LURIN',0,'13095170','',58997.30,0.0),(133886,'ESTACIONAMIENTO/DEPOSITO','','','','','','AV COSTA PERUANA NUM 1248 ESTAC N 17 CON DEPOSITO 17 SEMI SOTANO URB EL SILENCIO - PUNTA HERMOSA',0,'13300931','',18145.67,0.0),(133886,'PREDIO','','','','','','SANDOVAL NUM 127 DPTO 601 SEXTO PISO URB DEL BARRIO MEDICO Y DE LA CLINICA PROPIA- SURQUILLO',0,'13659308','',85705.27,0.0),(133886,'PREDIO','','','','','','CALLE JULIAN SANDOVAL NUM 129 ESTAC 12 SEMISOTANO URB DEL BARRIO MEDICO Y DE LA CLINICA PROPIA- SURQUILLO',0,'13659285','',17382.34,0.0),(133886,'DEPARTAMENTO','','','','','','CALLE CENTENARIO 179 DPTO 406 LETRA B - BARRANCO',0,'','',69041.42,0.0),(133886,'DEPOSITO','','','','','','PASAJE 12 N 114 DEPOSITO 11 MZ M2 LOTE 1-2 URB EL SILENCIO PTA HERMOSA',0,'','',21741.00,0.0),(133886,'DEPOSITO','','','','','','PASAJE 12 N110 DEPOSITO 12 MZ M2 LOTE 1-2 URB EL SILENCIO PTA HERMOSA',0,'','',21480.00,0.0),(133886,'ESTACIONAMIENTO','','','','','','AVENIDA COSTA PERUAMA 1332 ESTACIONAMIENTO.25-26 MZ M2-LOTE 1-2',0,'','',21482.00,0.0),(133886,'ESTACIONAMIENTO','','','','','','AVENIDA COSTA PERUAMA 1332 ESTACIONAMIENTO.23-24 MZ M2-LOTE 1-2',0,'','',20275.00,0.0),(133901,'REGISTRO DE PREDIOS','','','','','','  MZ G LOTE 01 URB HABILITACION URBANA UBICADA EN EL SECTOR PAMPA DOLORES ANEXO 9 DE OCTUBRE ASIA - CAÑETE - LIMA',0,'21188230','',35000.00,0.0),(134119,'REGISTRO DE PREDIOS','','','','','','JIRON REAL Y JIRON LIMA NUM 583-593-595-599 Y 310     HUANCAYO - HUANCAYO - JUNIN',0,'2019832','APROX',500000.00,0.0),(134119,'REGISTRO DE PREDIOS','','','','','','CALLE SAN MARTIN NUM 818-A ESTAC N°1-SEGUNDO SOTANO   MIRAFLORES - LIMA - LIMA',0,'49037502','APROX',350000.00,0.0),(134119,'REGISTRO DE PREDIOS','','','','','','CALLE SAN MARTIN N° 818-DEPARTAMENTO NUM 202     MIRAFLORES - LIMA - LIMA',0,'49037534','APROX',700000.00,0.0),(134119,'SOCIEDADES LEGALES','','','','','','ZONA: ZONA REGISTRAL VIII - SEDE HUANCAYO; OFICINA: HUANCAYO',0,'11141282','APROX',1500.00,0.0),(134119,'REGISTRO DE PREDIOS','','','','','','CALLE REAL N° 583-585 Y JR. LIMA N° 310       HUANCAYO - HUANCAYO - JUNIN',0,'11237704','APROX',5000000.00,0.0),(134119,'REGISTRO DE PREDIOS','','','','','','CALLE REAL N° 583-585 Y JR. LIMA N° 310       HUANCAYO - HUANCAYO - JUNIN',0,'11237705','APROX',1000000.00,0.0),(134119,'REGISTRO DE PREDIOS','','','','','','CALLE REAL N° 583-585 Y JR. LIMA N° 310       HUANCAYO - HUANCAYO - JUNIN',0,'11237706','APROX',100000.00,0.0),(134119,'TERRENO RUSTICO','','','','','','PARAJE DURASNUYO, BARRIO MIRAFLORES, DISTRITO PILCOMAYO - HUANCAYO',0,'2013359','APROX',300000.00,0.0),(134119,'TERRENO RUSTICO','','','','','','BARRIO MIRAFLORES, DISTRITO PILCOMAYO - HUANCAYO - AREA DE TERRENO 3500 M2',0,'','ADQUIRIDO POPR DESMEMBRACION COMUNIDAD CAMPESINA PILCOMAYO A FAVOR DE CIRO GALVEZ HERRERA POR ESCRITURA PUBLICA DE 05/08/2004 ANTE NOTARIA DE HUANCAYO, ELA BALBIN SEGOVIA',350000.00,0.0),(134119,'TERRENO DE 1043 M2','','','','','','BARRIO MIRAFLORES - DISTRITO PILCOMAYO - HUANCAYO',0,'','TERRENO DE 1043 M2 CON UN VIVIENDA CONSTRUIDA EN 300 M2. ADQUIRIDA POR COMPRA VENTA OTORGADO POR EL JOHNVER DE LA CRUZ EL 13/09/2000 ANTE NOTARIO DE HUANCAYO ARMANDO ZEGARRA',104000.00,0.0),(134119,'TERRENO DE 1486','','','','','','PARAJE DURASNUYO, BARRIO MIRAFLORES, HUANCAYO.',0,'','MINUTA DE COMPRA Y VENTA OTORGADO POR LIVER ANIBAL JAIME GUTARRA  A MI FAVOR EL 03/10/2012 EN TRAMITE ANTE NOTARIO DE HUANCAYO ARMANDO ZEGARRA',148466.00,0.0),(134119,'TERRENO','','','','','','SANTA ROSA DE PALCA, DISTRITO DE SALCABAMBA, SALCAHUASI PROVINCIA TAYACAJA, HUANCAVELICA',0,'','POSESION CONJUNTA CON ESPOSA LIDIA L. MIGUEL CCOLLQUI. TERRENOS: A) LAMBRASHUACCTA DE 1/2 YUGADA. TERRENO B) PUYHUAN MOQO LAMBRASHUACCTA 1/2 YUGADA. TERRENO C) JULIAN PAMPA AREA 1 YUGADA. TERRENO D) YANARUMI AREA 2 YUGADAS. TERRENO D) ASNAQ PAMPA AREA 2 HECTAREAS.',100000.00,0.0),(134120,'TERRENO','','','','','','CASA CLUB LOS GIRASOLES HUAMPANI',0,'11046136','APROX',220000.00,0.0),(134124,'TERRENO','','','','','','PICHARI - VRAEM',0,'','VALOR APROXIMADO',8000.00,0.0),(134124,'TERRENO','','','','','','JR LAS DALIAS NUM 151-SAN JUAN BAUTISTA-AYACUCHO',0,'11147050','VALOR APROXIMADO',60000.00,0.0),(134127,'CASA','','','','','','CALLE SOR MATE 345 SANTIAGO DE SURCO',0,'101387','',700000.00,0.0),(134127,'CASA','','','','','','CALLE PUNO 219 - PUNO',0,'5015019','CASA CON TERCEROS',1200000.00,0.0),(134127,'OFICINA','','','','','','AV JOSE PARDO N° 738 OFIC 502 ML',0,'41576375','',206010.00,0.0),(134133,'REGISTRO DE PREDIOS','','','','','','PATAZ-PARCOY- MZ Y LOTE 19 - CENTRO POBLADO LLACUABAMBA',0,'11047461','',0.00,0.0),(134133,'REGISTRO DE PREDIOS','','','','','','PATAZ-PARCOY- MZ Y LOTE 25 - CENTRO POBLADO LLACUABAMBA',0,'11047467','',0.00,0.0),(134372,'SECCION ESPECIAL DE PREDIOS RURALES','','','','','','        CUSCO - CUSCO - CUSCO',0,'2000172','FICHA C0696',35000.00,0.0),(134372,'SECCION ESPECIAL DE PREDIOS RURALES','','','','','','UBICACION RURAL PREDIO YANATABLA LOTE 1 NUM 25055   SECTOR PATA PATA SAN JERONIMO - CUSCO - CUSCO',0,'2016222','FICHA C-005',36000.00,0.0),(134372,'TERENO RUSTICO','','','','','','ALTO QOSQO VILLA VIRGEN DEL CARMEN N° C-5 - SAN SEBASTIAN - CUSCO - CUSCO',0,'','',14361.45,0.0),(134372,'CASA','','','','','','URBANIZACION INGENIEROS LARAPA  GRANDE N° H5-3 - SAN JERONIMO - CUSCO - CUSCO',0,'2287','TOMO 2',88018.01,0.0),(134372,'TERRENO RURAL','','','','','','PATA PATA LIRCAY PUNAS HUACCOTO SECTOR YANATABLA - SAN JERONIMO - CUSCO - CUSCO',0,'2016222','FICHA  C0003',5000.00,0.0),(134372,'TERRENO RURAL','','','','','','PATA PATA LIRCAY PUNAS HUACCOTO SECTOR YANATABLA - SAN JERONIMO - CUSCO - CUSCO',0,'2016222','FICHA C0007',8000.00,0.0),(134372,'TERRENO RURAL','','','','','','PATAPATA LIRCAY PUNAS HUACCOTO SECTOR ANDEN ANDEN- SAN JERONIMO - CUSCO - CUSCO',0,'2000172','FICHA C0012',5000.00,0.0),(134377,'REGISTRO DE PREDIOS','','','','','','JIRON LOS MONTONEROS NUM 379 ESTAC N° 5 PRIMER PISO URB SANTA CONSTANZA SANTIAGO DE SURCO - LIMA - LIMA',0,'12142678','',9006.47,0.0),(134377,'REGISTRO DE PREDIOS','','','','','','CALLE LOS HUSARES DE JUNIN NUM 110 DPTO N° 403 QUINTO PISO Y AZOTEA URB SANTA CONSTANZA SANTIAGO DE SURCO - LIMA - LIMA',0,'12142697','',104206.76,0.0),(134377,'REGISTRO DE PREDIOS','','','','','','JIRON SINCHI ROCA NUM 2580 ESTAC N° 9 - SÓTANO 1   LINCE - LIMA - LIMA',0,'13000147','CRÉDITO HIPOTECARIO VIGENTE',18031.69,0.0),(134377,'REGISTRO DE PREDIOS','','','','','','JIRON SINCHI ROCA NUM 2576 DPTO N° 1403 - DÉCIMO CUARTO PISO   LINCE - LIMA - LIMA',0,'13000242','CRÉDITO HIPOTECARIO VIGENTE',69037.10,0.0),(134377,'REGISTRO DE PREDIOS','','','','','','JIRON LOS AMANCAES NUM 476 ESTAC N°6-6A - PRIMER SUB-NIVEL (-2.80) URB CASUARINAS SUR 1 ETAPA SANTIAGO DE SURCO - LIMA - LIMA',0,'13217930','CRÉDITO HIPOTECARIO VIGENTE',29614.04,0.0),(134377,'REGISTRO DE PREDIOS','','','','','','JIRON LOS AMANCAES NUM 476 DEPOSIT N°21 - PRIMER SUB-NIVEL (-2.80) URB CASUARINAS SUR 1 ETAPA SANTIAGO DE SURCO - LIMA - LIMA',0,'13217965','CRÉDITO HIPOTECARIO VIGENTE',3399.91,0.0),(134377,'REGISTRO DE PREDIOS','','','','','','JIRON LOS AMANCAES NUM 466 DPTO N°303 - TERCER NIVEL (+5.20) URB CASUARINAS SUR 1 ETAPA SANTIAGO DE SURCO - LIMA - LIMA',0,'13217994','CRÉDITO HIPOTECARIO VIGENTE',206200.81,0.0),(134453,'REGISTRO DE PREDIOS','','','','','','CHICLAYO-LA VICTORIA- MZ 28 LOTE 16    SECTOR 4 - ASENTAMIENTO HUMANO LA VICTORIA',0,'55011657','PROPIEDAD CONYUGAL',228655.04,0.0),(134834,'REGISTRO DE PREDIOS','','','','','','CALLE LOTE N°28 DE LA PARCELA C  LOTIZACION LIMA POLO HUNT CLUB BLOCK B  B-6   SANTIAGO DE SURCO - LIMA - LIMA',0,'11341566','',420000.00,0.0),(134834,'REGISTRO DE PREDIOS','','','','','','CALLE LOTE N°28 DE LA PARCELA C  LOTIZACION LIMA POLO HUNT CLUB    ES-38   SANTIAGO DE SURCO - LIMA - LIMA',0,'11341708','',30000.00,0.0),(134910,'REGISTRO DE PREDIOS','','','','','','        SANTIAGO DE SURCO - LIMA - LIMA',0,'44413043','',36745.48,0.0),(134910,'REGISTRO DE PREDIOS','','','','','','        SANTIAGO DE SURCO - LIMA - LIMA',0,'44413051','',38981.11,0.0),(134910,'REGISTRO DE PREDIOS','','','','','','        SANTIAGO DE SURCO - LIMA - LIMA',0,'44413078','',7491.80,0.0),(134910,'REGISTRO DE PREDIOS','','','','','','        SANTIAGO DE SURCO - LIMA - LIMA',0,'44413094','',39256.62,0.0),(134910,'REGISTRO DE PREDIOS','','','','','','        SANTIAGO DE SURCO - LIMA - LIMA',0,'44413108','',128144.22,0.0),(134910,'INMUEBLE CASA','','','','','','MZ. P, LOTE 09 URBANIZACIÓN HORIZONTE DE ZARATE',0,'','',248228.94,0.0),(134923,'BALNEARIOS - PROPIEDADES','','','','','','ZONA: ZONA REGISTRAL IX - SEDE LIMA; OFICINA: LIMA',0,'7005413','SE CONSIGNA EL VALOR DE AUTOVALUO',892198.69,0.0),(134923,'REGISTRO DE PREDIOS','','','','','','CALLE MANUEL TOVAR NUM 121     MIRAFLORES - LIMA - LIMA',0,'49039532','SE CONSIGNA EL VALOR DE AUTOVALUO',403050.93,0.0),(134923,'REGISTRO DE PREDIOS','','','','','','AVENIDA MARISCAL LA MAR NUM 862  N°7 URB SANTA CRUZ MIRAFLORES - LIMA - LIMA',0,'11715060','SE CONSIGNA VALOR DE REGISTROS PUBLICOS',53215.40,0.0),(134943,'REGISTRO DE PREDIOS','','','','','','CALLE LOS EUCALIPTOS NUM 625 ESTAC N° 16 - SÓTANO 1 URB COUNTRY CLUB SAN ISIDRO - LIMA - LIMA',0,'12189958','INMUEBLE YA NO LE CORRESPONDE POR CUANTO FUE VENDIDO MEDIANTE ESCRITURA PUBLICA DE FECHA   01/06/2010 SEGÚN CONSTA EN PARTIDA ELECTRONICA 12189958.',34140.00,0.0),(134943,'CASA','','','','','','CALLE OSA MAYOR N°157',0,'44541726','',1427974.00,0.0),(134943,'OFICINA','','','','','','DIEZ CANSECO N°442 OF.701',0,'41352469','CO-PROPIETARIO AL 50 POR CIENTO',29243.00,0.0),(134943,'OFICINA','','','','','','DIEZ CANSECO N° 442 OFIC.702',0,'46261127','CO-PROPIETARIO AL 50 POR CIENTO',20432.00,0.0),(134976,'REGISTRO DE PREDIOS','','','','','','CALLE LUIS ALDANA NUM 270-280   URB CORPAC SAN ISIDRO - LIMA - LIMA',0,'40997989','',336440.82,0.0),(134982,'REGISTRO DE PREDIOS','','','','','','PASAJE GONDOMAR       LA MOLINA - LIMA - LIMA',0,'49026094','',708522.00,0.0),(135152,'REGISTRO DE PREDIOS','','','','','','AVENIDA CAMINOS DEL INCA NUM 1408-1410 LOTE N° 2 DE LA MZ. B-1 URB LAS GARDENIAS SANTIAGO DE SURCO - LIMA - LIMA',0,'45016323','',218585.00,0.0),(135152,'REGISTRO DE PREDIOS','','','','','','JIRON CRNEL. NARCISO DE LA COLINA     URB LAS GARDENIAS SANTIAGO DE SURCO - LIMA - LIMA',0,'11752918','',4513.14,0.0),(135152,'REGISTRO DE PREDIOS','','','','','','JIRON CRNEL. NARCISO DE LA COLINA NUM 196   URB LAS GARDENIAS SANTIAGO DE SURCO - LIMA - LIMA',0,'11752928','',2514.81,0.0),(135152,'REGISTRO DE PREDIOS','','','','','','JIRON CRNEL. NARCISO DE LA COLINA NUM 192   URB LAS GARDENIAS SANTIAGO DE SURCO - LIMA - LIMA',0,'11752936','',81342.61,0.0),(135152,'TERRENO','','','','','','DISTRITO MORALES, TARAPOTO, PROVINCIA Y REGION SAN MARTIN',0,'','ESTADO ESCRITURA PUBLICA EN NOTARIA RODRIGUEZ RIOS FECHA DE COMPRA VENTA 21 DE FEBRERO DEL 2020',60000.00,0.0),(135289,'CASA','','','','','','CALLE SUPERIOR 145 - LA MOLINA. LIMA',0,'42292044','',456816.00,0.0),(135341,'REGISTRO DE PREDIOS','','','','','','CALLE SAN IGNACIO DE LOYOLA NUM 106 DPTO N° 601 - SEXTO PISO   MIRAFLORES - LIMA - LIMA',0,'11502989','',2870000.00,0.0),(135341,'REGISTRO DE PREDIOS','','','','','','CALLE LOS CAROLINOS NUM 121 ESTAC N° 76 - SEGUNDO SOTANO   MIRAFLORES - LIMA - LIMA',0,'11502877','',0.00,0.0),(135341,'REGISTRO DE PREDIOS','','','','','','CALLE LOS CAROLINOS NUM 121 ESTAC N° 75 - SEGUNDO SOTANO   MIRAFLORES - LIMA - LIMA',0,'11502876','',0.00,0.0),(135341,'REGISTRO DE PREDIOS','','','','','','CALLE LOS CAROLINOS NUM 121 DEPOSIT N° 26 - SEGUNDO SOTANO   MIRAFLORES - LIMA - LIMA',0,'11502893','',0.00,0.0),(135341,'CASA','','','','','','ASOCIACION CIVIL LAS ARENAS PANAMERICANA SUR KM94 ASIA',0,'','',2640000.00,0.0),(135341,'CASA','','','','','','MANZANA J DE LA PARCELA 6.2 DEL EX FUNDO CHOCALLA ASIA',0,'','EN TRAMITE DE INSCRIPCION EN REGISTROS PUBLICOS (SOCIEDAD CONYUGAL)',186160.00,0.0),(135341,'DEPARTAMENTO','','','','','','DEPARTAMENTO 202 CARRETERA 13 N 87 - 14  BOGOTA-COLOMBIA',0,'','',1000000.00,0.0),(135388,'REGISTRO DE PREDIOS','','','','','','CALLE LOS HALCONES NUM 326 - 330   URB LIMATAMBO SURQUILLO - LIMA - LIMA',0,'49020647','',323456.06,0.0),(135595,'DEPARTAMENTO','','','','','','JR. LORETO 273 - B PUEBLO LIBRE',0,'40881271','',21734.73,0.0),(135605,'REGISTRO DE PREDIOS','','','','','','AVENIDA GENERAL ANDRES SANTA CRUZ NUM 345 ESTAC N° 3 - PRIMER PISO   JESUS MARIA - LIMA - LIMA',0,'12024250','PROPIETARIA DEL 33.33',3368.00,0.0),(135605,'REGISTRO DE PREDIOS','','','','','','AVENIDA GENERAL ANDRES SANTA CRUZ NUM 343 DPTO N° 701 - SEPTIMO PISO   JESUS MARIA - LIMA - LIMA',0,'12024265','PROPIETARIA DEL 33.33',49605.00,0.0),(135605,'TERRENO','','','','','','GARCILAZO 7, ANDAHUAYLILLAS',0,'P31005330','PROPIETARIA DEL 12.5 POR CIENTO',3371.87,0.0),(135686,'REGISTRO DE PREDIOS','','','','','','  MZ C1 LOTE N°37 URB VILLA CORPAC CARABAYLLO - LIMA - LIMA',0,'12602501','',150000.00,0.0),(135686,'REGISTRO DE PREDIOS','','','','','','AVENIDA JUAN BERTOLOTTO NEGRO NUM 111 DPTO N° 307 - TERCER PISO   SAN MIGUEL - LIMA - LIMA',0,'12867727','',298530.00,0.0),(135686,'REGISTRO DE PREDIOS','','','','','','      SECTOR PREDIO GRANADO LOTE N° 95-A-ACDE HUARAL - HUARAL - LIMA',0,'60145588','',23070.00,0.0),(136156,'REGISTRO DE PREDIOS','','','','','','AVENIDA A MZ H LOTE 11 URB LA MACARENA 2° SECTOR LA PERLA - CALLAO - LIMA',0,'70073980','',132446.70,0.0),(136156,'REGISTRO DE PREDIOS','','','','','','CALLE B MZ H LOTE 39 URB LA MACARENA SEGUNDO SECTOR LA PERLA - CALLAO - LIMA',0,'70074008','',56321.17,0.0),(136318,'REGISTRO DE PREDIOS','','','','','','AVENIDA AURELIO MIRO QUESADA NUM 168 ESTAC N°1 - SÓTANO 1 URB SAN ISIDRO ZONA DEL GOLF CLUB SAN ISIDRO - LIMA - LIMA',0,'12991797','',21522.00,0.0),(136318,'REGISTRO DE PREDIOS','','','','','','AVENIDA AURELIO MIRO QUESADA NUM 168 ESTAC N°2 - SÓTANO 1 URB SAN ISIDRO ZONA DEL GOLF CLUB SAN ISIDRO - LIMA - LIMA',0,'12991798','',21400.25,0.0),(136318,'REGISTRO DE PREDIOS','','','','','','AVENIDA AURELIO MIRO QUESADA NUM 168 ESTAC N°3 - SÓTANO 1 URB SAN ISIDRO ZONA DEL GOLF CLUB SAN ISIDRO - LIMA - LIMA',0,'12991799','',21522.00,0.0),(136318,'REGISTRO DE PREDIOS','','','','','','AVENIDA AURELIO MIRO QUESADA NUM 168 ESTAC N°4 - SÓTANO 1 URB SAN ISIDRO ZONA DEL GOLF CLUB SAN ISIDRO - LIMA - LIMA',0,'12991800','',30799.34,0.0),(136318,'REGISTRO DE PREDIOS','','','','','','AVENIDA AURELIO MIRO QUESADA NUM 168 DEPOSIT N°15 - SÓTANO 1 URB SAN ISIDRO ZONA DEL GOLF CLUB SAN ISIDRO - LIMA - LIMA',0,'12991815','',15123.44,0.0),(136318,'REGISTRO DE PREDIOS','','','','','','AVENIDA AURELIO MIRO QUESADA NUM 168 DEPOSIT N°16 - SÓTANO 1 URB SAN ISIDRO ZONA DEL GOLF CLUB SAN ISIDRO - LIMA - LIMA',0,'12991816','',18965.87,0.0),(136318,'REGISTRO DE PREDIOS','','','','','','AVENIDA AURELIO MIRO QUESADA NUM 166 DPTO N°2001 - DUODECIMO PISO Y AZOTEA URB SAN ISIDRO ZONA DEL GOLF CLUB SAN ISIDRO - LIMA - LIMA',0,'12991853','',587996.51,0.0),(136416,'REGISTRO DE PREDIOS','','','','','','CALLE MADRID NUM 568     MIRAFLORES - LIMA - LIMA',0,'7075102','',120507.36,0.0),(136416,'CASA','','','','','','AV. DE LA AVICIÓN 329-MIRAFLORES',0,'7006959','COPROPIEDAD 12.5',24759.47,0.0),(136416,'CASA','','','','','','CALLE JUAN MOORE 125-MIRAFLORES',0,'49076969','',257498.89,0.0),(136416,'CASA','','','','','','CALLE ROMA 444- MIRAFLORES',0,'41345209','',507279.82,0.0),(136484,'REGISTRO DE PREDIOS','','','','','','CALLE VILLACARRILLO NUM 213 - 207   URB RESIDENCIAL HIGUERETA SANTIAGO DE SURCO - LIMA - LIMA',0,'44557800','',174526.00,0.0),(136528,'REGISTRO DE PREDIOS','','','','','','MZ B13 LOTE 17    SECTOR 1 - ASENTAMIENTO HUMANO BOCANEGRA - DPTO: LIMA PROV: CALLAO DIST: CALLAO',0,'57023929','',9191.10,0.0),(136570,'REGISTRO DE PREDIOS','','','','','','CALLE GALEON MZ C 2 LOTE 7 URB , CHACARILLA DEL ESTANQUE SANTIAGO DE SURCO - LIMA - LIMA',0,'44589249','',450000.00,0.0),(136570,'LOCAL','','','','','','CENTRO CIVICO TALARA - PIURA',0,'36821','',120000.00,0.0),(136626,'REGISTRO DE PREDIOS','','','','','','AVENIDA DE LA POLICIA NUM 631-643 ESQUINA AVENIDA GREGORIO ESCOBEDO   URB SAN FELIPE JESUS MARIA - LIMA - LIMA',0,'49000418','',719300.00,0.0),(136626,'REGISTRO DE PREDIOS','','','','','','CALLE EL PALMAR MZ F NUM 154 LOTE 16 URB EL GOLF 1RA ETAPA TRUJILLO - TRUJILLO - LA LIBERTAD',0,'3104338','',1798250.00,0.0),(136626,'REGISTRO DE PREDIOS','','','','','','CALLE MARTINEZ DE COMPAGÑON MZ O LOTE 006 URB SAN ANDRES - 3RA ETAPA  AREA: 1,003.47 M2 TRUJILLO - TRUJILLO - LA LIBERTAD',0,'3107556','',1303900.00,0.0),(136626,'REGISTRO DE PREDIOS','','','','','','AVENIDA DE LA POLICIA NUM 625   URB SAN FELIPE JESUS MARIA - LIMA - LIMA',0,'7064685','',3416675.00,0.0),(136626,'REGISTRO DE PREDIOS','','','','','','CALLE VICTOR GONZALES OLAECHEA NUM 277     MIRAFLORES - LIMA - LIMA',0,'7081686','',2751322.50,0.0),(136626,'REGISTRO DE PREDIOS','','','','','','CALLE OBISPO GUILLERMO CHARUN NUM 217 209   URB SAN ANDRES TRUJILLO - TRUJILLO - LA LIBERTAD',0,'11001318','',400000.00,0.0),(136626,'REGISTRO DE PREDIOS','','','','','','JIRON GREGORIO ESCOBEDO NUM 888  HABITACIÓN UNIFAMILIAR DE 2 PLANTAS Y AZOTEA   JESUS MARIA - LIMA - LIMA',0,'49085823','',4315800.00,0.0),(136626,'SECCION ESPECIAL DE PREDIOS RURALES','','','','','','UBICACION RURAL SECTOR AYAQUE/PREDIO HUARRUACA COD.PRED. 7_7609290_33564 AREA Ha. 1.9668 U.C. 33564 TACABAMBA - CHOTA - CAJAMARCA',0,'2188026','',65000.00,0.0),(136626,'SECCION ESPECIAL DE PREDIOS RURALES','','','','','','ZONA: ZONA REGISTRAL V - SEDE TRUJILLO; OFICINA: TRUJILLO',0,'4008128','',200000.00,0.0),(136626,'SECCION ESPECIAL DE PREDIOS RURALES','','','','','','UBICACION RURAL VALLE CHAO PREDIO LOTE UC.11413 SECTOR MARIA DEL CARMEN       CHAO - VIRU - PROVINCIA - LA LIBERTAD',0,'4008792','EL VALOR DEL INMUEBLE CORRESPONDE AL VALOR DEL AUTOVALUO DEL EJERCICIO FISCAL 2019',76942.34,0.0),(136626,'SECCION ESPECIAL DE PREDIOS RURALES','','','','','','ZONA: ZONA REGISTRAL V - SEDE TRUJILLO; OFICINA: TRUJILLO',0,'4008809','',180000.00,0.0),(136626,'SECCION ESPECIAL DE PREDIOS RURALES','','','','','',' CONACHE VALLE MOCHE     U.C. 1449 LAREDO - TRUJILLO - LA LIBERTAD',0,'4030339','',2042812.00,0.0),(136626,'SECCION ESPECIAL DE PREDIOS RURALES','','','','','','ZONA: ZONA REGISTRAL V - SEDE TRUJILLO; OFICINA: TRUJILLO',0,'4042261','',302106.00,0.0),(136626,'REGISTRO DE PREDIOS','','','','','','UBICACION RURAL PREDIO LOS TALLOS       MOCHE - TRUJILLO - LA LIBERTAD',0,'11146410','',2692591.65,0.0),(136626,'REGISTRO DE PREDIOS','','','','','','AVENIDA BALNEARIO DE NAPLO EN LA ZONA DE LOBO VARADO       PUCUSANA - LIMA - LIMA',0,'13246768','',1897612.50,0.0),(136626,'REGISTRO DE PREDIOS','','','','','','MZ- L LOTE 20URB. SAN NICOLAS TRUJILLO - LA LIBERTAD',0,'3090431','EL VALOR CONSIGNADO ES EL VALOR DEL AUTOVALUO EJERCICIO FISCAL 2020. SOBRE ESTE INMUEBLE TIENE LA CALIDAD DE COPROPIETARIO CONJUNTAMENTE CON SUS HERMANOS, POR HABER SIDO DECLARADOS HEREDEROS LEGALES DEL CAUSANTE HECTOR ACUÑA CABRERA',164599.77,0.0),(136626,'REGISTRO DE PREDIOS','','','','','','MZ- L LOTE 21 URB. SAN NICOLAS TRUJILLO - LA LIBERTAD',0,'3094216','EL VALOR CONSIGNADO ES EL VALOR DEL AUTOVALUO EJERCICIO FISCAL 2020. SOBRE ESTE INMUEBLE TIENE LA CALIDAD DE COPROPIETARIO CONJUNTAMENTE CON SUS HERMANOS, POR HABER SIDO DECLARADOS HEREDEROS LEGALES DEL CAUSANTE HECTOR ACUÑA CABRERA',44016.76,0.0),(136626,'URBANO','','','','','','URBANIZACION SOTO DE LA MORALEJA, SITA EN ALCOBENDAS (MADRID) QUE CONSTITUUYE EN UN CONJUNTO SITUADO EN EL NUMERO UNO DE CAMINO DEL SOTO, DENOMINADO COMUNIDAD TIUNA SOTO DE LA MORALEJA. LE CORRESPPONDE AL CHALET EL 17 DE LA CALLE CAMINO DEL SOTO',0,'','EL PREDIO SE UBICA EN EL PAIS DE ESPAÑA',3054560.64,0.0),(136953,'REGISTRO DE PREDIOS','','','','','','    SUB LOTE 49-A URB EL GOLF DE PARACAS PARACAS - PISCO - ICA',0,'2001036','',79520.00,0.0),(136953,'REGISTRO DE PREDIOS','','','','','','      ZONA PREDIO RUSTICO UBICADO A LA ALTURA DEL KM 58 DE LA AUTOPISTA PANAMERICANA  SUR CHILCA - CAÑETE - LIMA',0,'21197484','',737183.51,0.0),(136953,'REGISTRO DE PREDIOS','','','','','','CALLE TENIENTE ALBERTO RENE CHABRIER NUM 151 ESTAC N° 36 - SOTANO 2 URB SANTA MONICA SAN ISIDRO - LIMA - LIMA',0,'13637029','',22650.26,0.0),(136953,'REGISTRO DE PREDIOS','','','','','','CALLE TENIENTE ALBERTO RENE CHABRIER NUM 151 ESTAC N° 37 - SOTANO 2 URB SANTA MONICA SAN ISIDRO - LIMA - LIMA',0,'13637030','',23231.31,0.0),(136953,'REGISTRO DE PREDIOS','','','','','','CALLE TENIENTE ALBERTO RENE CHABRIER NUM 151 ESTAC N° 38 - SOTANO 2 URB SANTA MONICA SAN ISIDRO - LIMA - LIMA',0,'13637031','',22298.78,0.0),(136953,'REGISTRO DE PREDIOS','','','','','','CALLE TENIENTE ALBERTO RENE CHABRIER NUM 151 ESTAC N° 39 - SOTANO 2 URB SANTA MONICA SAN ISIDRO - LIMA - LIMA',0,'13637032','',22570.38,0.0),(136953,'REGISTRO DE PREDIOS','','','','','','CALLE TENIENTE ALBERTO RENE CHABRIER NUM 151 DEPOSIT N° 9 - SOTANO 2 URB SANTA MONICA SAN ISIDRO - LIMA - LIMA',0,'13637046','',24232.08,0.0),(136953,'REGISTRO DE PREDIOS','','','','','','CALLE TENIENTE ALBERTO RENE CHABRIER NUM 157 DPTO N° SS-02 - SEMISOTANO URB SANTA MONICA SAN ISIDRO - LIMA - LIMA',0,'13637081','',557696.17,0.0),(136953,'REGISTRO DE PREDIOS','','','','','','      ZONA INGRESANDO POR LA URBANIZACIÓN PAPA LEON XII, EN LA FALDA DE LA QUEBRADA DENOMINADA CHUTANA CHILCA - CAÑETE - LIMA',0,'21226897','',513690.65,0.0),(136953,'AIRES','','','','','','CALLE UGARTE Y MOSCOSO - LIMA',0,'','MANUEL SEBASTIAN 593 - LIMA',7650.11,0.0),(137542,'REGISTRO DE PREDIOS','','','','','','AVENIDA JUAN DE ALIAGA NUM 234 ESTAC N°17 - SOTANO 2   MAGDALENA DEL MAR - LIMA - LIMA',0,'13953536','SOTANO',132800.00,0.0),(137542,'REGISTRO DE PREDIOS','','','','','','AVENIDA JUAN DE ALIAGA NUM 230 DPTO N°801 - OCTAVO PISO Y AZOTEA   MAGDALENA DEL MAR - LIMA - LIMA',0,'13953559','HIPOTECADO',1892400.00,0.0),(137757,'REGISTRO DE PREDIOS','','','','','','PARQUE ORQUIDEAS 110. PUEBLO LIBRE, LIMA',0,'10697853','SUCESION INTESTADA',208800.00,0.0),(137777,'REGISTRO DE PREDIOS','','','','','','JIRON JACARANDA NUM 924 ESTAC N°9 Y DEPÓSITO N°8 - PLANTA SÓTANO URB VALLE HERMOSO RESIDENCIAL SANTIAGO DE SURCO - LIMA - LIMA',0,'12764799','',36059.78,0.0),(137777,'REGISTRO DE PREDIOS','','','','','','JIRON JACARANDA NUM 920 DPTO N°102 - PRIMER PISO URB VALLE HERMOSO RESIDENCIAL SANTIAGO DE SURCO - LIMA - LIMA',0,'12764810','',179372.33,0.0),(137777,'REGISTRO DE PREDIOS','','','','','','TERRENO, HUACHO',0,'40002662','',5000.00,0.0),(137792,'SECCION ESPECIAL DE PREDIOS RURALES','','','','','','UBICACION RURAL /CASERIO ALISO/EL CHIQUERO PARCELA 7_7609295_258335 AREA Ha. 2.7292 U.C. 258335/HH.CC. 7_7609295_1 ANGUIA - CHOTA - CAJAMARCA',0,'11062149','VENDIDO EN 2000',4500.00,0.0),(137792,'SECCION ESPECIAL DE PREDIOS RURALES','','','','','','UBICACION RURAL /CASERIO ALISO/EL CHIQUERO PARCELA 7_7609295_258336 AREA Ha. 0.2595 U.C. 258336/HH.CC. 7_7609295_1_4 ANGUIA - CHOTA - CAJAMARCA',0,'11062150','VENDIDO EN 1999',850.00,0.0),(137792,'SECCION ESPECIAL DE PREDIOS RURALES','','','','','','UBICACION RURAL /CASERIO CHUGUR/CHUGUR ALTO PARCELA 7_7609295_257888 AREA Ha. 0.5346 U.C. 257888/HH.CC. 7_7609295_1_3 ANGUIA - CHOTA - CAJAMARCA',0,'11061964','CASA HABITACIÓN',2500.00,0.0),(137792,'REGISTRO DE PREDIOS','','','','','','CHOTA-TACABAMBA- MZ A LOTE 11 - PUEBLO TRADICIONAL TACABAMBA',0,'11047509','VENDIDO EN EL 2005',12000.00,0.0),(137806,'SECCION ESPECIAL DE PREDIOS RURALES','','','','','','UBICACION RURAL PREDIO RUST.DENOM.PARCELA N§ 10, UBIC.SECTOR DE LA CARRET.IQUITOS-NAU           TA KM.62     U.C. 36357 IQUITOS - MAYNAS - LORETO',0,'4010553','VALOR ESTIMADO COMERCIALMENTE',100000.00,0.0),(137888,'REGISTRO DE PREDIOS','','','','','','JIRON TRECE MZ B SUB LOTE 14 URB LOTIZACION EX-FUNDO RINCONADA DE ATE LA MOLINA - LIMA - LIMA',0,'11133046','VALOR AUTOVALUO',582075.00,0.0),(137888,'REGISTRO DE PREDIOS','','','','','','      SECTOR PAMPA LOS LOBOS, TERRENO UBICADO A LA ALTURA KM.126-KM.126.80 PANAMERICANA SUR CERRO AZUL - CAÑETE - LIMA',0,'21105907','VALOR AUTOVALUO',100000.00,0.0),(137907,'REGISTRO DE PREDIOS','','','','','','ZONA: ZONA REGISTRAL V - SEDE TRUJILLO; OFICINA: TRUJILLO',0,'55121905','CASA',256000.00,0.0),(137910,'REGISTRO DE PREDIOS','','','','','','MZ L LOTE 17 - ASENTAMIENTO HUMANO HEROES DEL CENEPA - DPTO: LIMA PROV: CALLAO DIST: VENTANILLA',0,'57088139','LA PROPIEDAD TIENE UN APROXIMADO DE 60MIL NUEVOS SOLES',60000.00,0.0);
/*!40000 ALTER TABLE `bien_inmueble` ENABLE KEYS */;
UNLOCK TABLES;

--
-- Table structure for table `bien_mueble`
--

DROP TABLE IF EXISTS `bien_mueble`;
/*!40101 SET @saved_cs_client     = @@character_set_client */;
/*!40101 SET character_set_client = utf8 */;
CREATE TABLE `bien_mueble` (
  `hoja_vida_id` mediumint(9) DEFAULT NULL,
  `tipo_vehiculo` varchar(32) DEFAULT NULL,
  `marca` varchar(0) DEFAULT NULL,
  `modelo` varchar(0) DEFAULT NULL,
  `anio` varchar(0) DEFAULT NULL,
  `placa` varchar(7) DEFAULT NULL,
  `caracteristica` varchar(57) DEFAULT NULL,
  `comentario` varchar(86) DEFAULT NULL,
  `valor` decimal(8,2) DEFAULT NULL
) ENGINE=InnoDB DEFAULT CHARSET=utf8mb4;
/*!40101 SET character_set_client = @saved_cs_client */;

--
-- Dumping data for table `bien_mueble`
--

LOCK TABLES `bien_mueble` WRITE;
/*!40000 ALTER TABLE `bien_mueble` DISABLE KEYS */;
INSERT INTO `bien_mueble` VALUES (133825,'REGISTRO DE PROPIEDAD VEHICULAR','','','','SG2492 ','ES DEL AÑO 1963','LO VENDI HACE MAS DE 40 AÑOS PERO ESTA A MI NOMBRE',9000.00),(133825,'REGISTRO DE PROPIEDAD VEHICULAR','','','','AUA469 ','4X2','VALOR FECHA COMPRA DICIEMBRE 2016',79333.71),(133837,'REGISTRO DE PROPIEDAD VEHICULAR','','','','D9Z296 ','TOYOTA CAMRY','',56320.00),(133878,'REGISTRO DE PROPIEDAD VEHICULAR','','','','AXH007 ','SUBARU-FORESTER','VALOR DE ADQUISICION',115998.00),(133886,'CAMIONETA','','','','RIS179','MITSUBICH MODELO NATIVA - AÑO 2001 - AUTOMATICA','',0.00),(133886,'AUTOMOVIL','','','','ADQ286','BMW - CUPE - 2015 - AUTOMATICA','',70000.00),(133886,'CAMIONETA','','','','RII900','MITSUBICH - PATHFIGER - 2000 - AUTOMATICA','',0.00),(133886,'DEPORTIVO','','','','B2T031','GM - SKY SATURM - 2008 - AUTOMATICO','',50000.00),(133901,'REGISTRO DE PROPIEDAD VEHICULAR','','','','AHX057 ','NISSAN SUNNY','',7000.00),(134119,'REGISTRO DE PROPIEDAD VEHICULAR','','','','GI3921 ','FORD TAUNUS','CHATARRA - VENDIDO HACE 45 AÑOS',2000.00),(134119,'REGISTRO DE PROPIEDAD VEHICULAR','','','','MP7794 ','MOTOCICLETA','CHATARRA',500.00),(134119,'REGISTRO DE PROPIEDAD VEHICULAR','','','','47467W ','MOTOCICLETA','MOTO USADA',1000.00),(134120,'REGISTRO DE PROPIEDAD VEHICULAR','','','','IG5977 ','VOLKSWAGEN ANTIGUO CELESTE','',3000.00),(134120,'REGISTRO DE PROPIEDAD VEHICULAR','','','','AJH199 ','CAMIONETA COLOR BLANCO SANTA FE','CONYUGAL',42240.00),(134120,'REGISTRO DE PROPIEDAD VEHICULAR','','','','AQ5477','VOLKSWAGEN ANTIGUO ROJO','',3000.00),(134121,'REGISTRO DE PROPIEDAD VEHICULAR','','','','B9D335 ','SUSUKI','AUTO',28500.00),(134124,'AUTOMOVIL','','','','F2L 145','SUZUKI-','PRECIO EN DOLARES 8000.00 AL CAMBIO 3.62',28960.00),(134127,'CAMIONETA','','','','AJX 130','SSANEYONE - MECANICA','',41000.00),(134127,'AUTOMOVIL','','','','AHK 599','TOYOTA - MECANICA','',20000.00),(134372,'REGISTRO DE PROPIEDAD VEHICULAR','','','','X2L121 ','CAMIONETA RURAL KIA SPORTAGE - 2013','AÑO 2013',84454.22),(134377,'REGISTRO DE PROPIEDAD VEHICULAR','','','','B9M422 ','KIA SORENTO EXD LUXE 4WD','',121320.00),(134453,'REGISTRO DE PROPIEDAD VEHICULAR','','','','DG2261 ','COLOR NEGRO','NO ES PROPIEDAD DEL DECLARANTE (HOMONIMIA)',0.00),(134453,'REGISTRO DE PROPIEDAD VEHICULAR','','','','BG2805 ','COLOR NEGRO','NO ES PROPIEDAD DEL DECLARANTE (HOMONIMIA)',0.00),(134453,'REGISTRO DE PROPIEDAD VEHICULAR','','','','57777B ','COLOR ROJO GRIS','NO ES PROPIEDAD DEL DECLARANTE (HOMONIMIA)',0.00),(134453,'REGISTRO DE PROPIEDAD VEHICULAR','','','','AHI109 ','CAMIONETA KIA SORRENTO','SOCIEDAD CONYUGAL',60000.00),(134807,'REGISTRO DE PROPIEDAD VEHICULAR','','','','V8J403 ','NISSAN XTRAIL','',78000.00),(134834,'REGISTRO DE PROPIEDAD VEHICULAR','','','','BK3408 ','FORD SCORT, SEDAN DE COLOR AZUL','',14000.00),(134910,'REGISTRO DE PROPIEDAD VEHICULAR','','','','SG7909 ','CAMIONETA VOLSKWAGEN AÑO 1970','',1000.00),(134911,'REGISTRO DE PROPIEDAD VEHICULAR','','','','A7I246 ','MITSUBISHI','AÑO 2006',20000.00),(134923,'REGISTRO DE PROPIEDAD VEHICULAR','','','','F9A193 ','TOYOTA AVENSIS','AÑO 2013',45000.00),(134982,'REGISTRO DE PROPIEDAD VEHICULAR','','','','BNQ431 ','AUDI Q3','',150000.00),(135152,'REGISTRO DE PROPIEDAD VEHICULAR','','','','APC218 ','TOYOTA RAV4','',26000.00),(135152,'REGISTRO DE PROPIEDAD VEHICULAR','','','','ACY588 ','HONDA PILOT','',90000.00),(135289,'REGISTRO DE PROPIEDAD VEHICULAR','','','','B9B032 ','HONDA ACCORD','',60000.00),(135289,'REGISTRO DE PROPIEDAD VEHICULAR','','','','BHK137 ','RENAULT -KOLEOS','',91000.00),(135289,'REGISTRO DE PROPIEDAD VEHICULAR','','','','BJQ252 ','BMW-X1','AÑO 2017',107000.00),(135341,'REGISTRO DE PROPIEDAD VEHICULAR','','','','W3N852 ','FORD F100 ROJO','',15000.00),(135341,'CAMIONETA','','','','COT292','MERCEDEZ BENZ BLUE EFFICINECY','',110000.00),(135388,'REGISTRO DE PROPIEDAD VEHICULAR','','','','BBZ005 ','HONDA MODELO CR - V - 2018','LA CAMIONETA COSTÓ 26 MIL DOLARES, A RAZON DE S/. 3.30 PRECIO DEL DOLAR EN EN EL 2018.',85000.00),(135595,'REGISTRO DE PROPIEDAD VEHICULAR','','','','B5W595 ','CAMIONETA','',30264.00),(135605,'REGISTRO DE PROPIEDAD VEHICULAR','','','','X4T827 ','VOLQUETE DODGE 1981','PROPIETARIA DEL 12 5',7000.00),(135605,'REGISTRO DE PROPIEDAD VEHICULAR','','','','F2F517 ','CAMIONETA RURAL','DAIHATSU TERIOS 2013',40000.00),(135685,'REGISTRO DE PROPIEDAD VEHICULAR','','','','D6I519 ','AÑO FAB 2013, MARCA HONDA, MODELO ODYSSEY, COLOR GRIS','VALOR DE MERCADO',58206.60),(135686,'REGISTRO DE PROPIEDAD VEHICULAR','','','','C0Y437 ','AÑO FAB 2012, MARCA  KIA, MODELO CARENS , COLOR NEGRO','VALOR DE MERCADO',43158.00),(136156,'REGISTRO DE PROPIEDAD VEHICULAR','','','','A1W574 ','MARCA LADA - AUTO - COLOR BEIGE','',3220.00),(136156,'REGISTRO DE PROPIEDAD VEHICULAR','','','','C3P573 ','MARCA CHEVROLETE - AUTO - COLOR PLOMO','',16100.00),(136156,'REGISTRO DE PROPIEDAD VEHICULAR','','','','NG39231','MOTO - MARCA WAN XIN - COLOR NEGRO','LA MOTO FUE ROBADA',1500.00),(136156,'REGISTRO DE PROPIEDAD VEHICULAR','','','','BLU599 ','MARCA FORD - CAMIONETA - COLOR ROJO','',66000.00),(136318,'REGISTRO DE PROPIEDAD VEHICULAR','','','','AVW480 ','SUBARU FORESTER','AÑO 2016',87717.50),(136416,'REGISTRO DE PROPIEDAD VEHICULAR','','','','W1K295 ','SUSUKI','',21600.00),(136416,'CAMIONETA','','','','DOD538','MAZOA','',43200.00),(136416,'AUTO','','','','BBE165','AUSTIN','',14400.00),(136484,'REGISTRO DE PROPIEDAD VEHICULAR','','','','BQ2466 ','HONDA CIVIC','',25000.00),(136484,'REGISTRO DE PROPIEDAD VEHICULAR','','','','ROC097 ','TOYOTA PRADO','',35000.00),(136484,'RESGISTRO DE PROPIEDAD VEHICULAR','','','','BQ2466','FORD CORCEL','',5000.00),(136528,'REGISTRO DE PROPIEDAD VEHICULAR','','','','ARD518 ','CHEVROLET SAIL BASE 1.4','ADQUIRIDO EL 2015',30000.00),(136564,'REGISTRO DE PROPIEDAD VEHICULAR','','','','Y22223 ','MT','',0.00),(136564,'REGISTRO DE PROPIEDAD VEHICULAR','','','','98641I ','MOTOCICLETA YAMAHA','',14000.00),(136626,'REGISTRO DE PROPIEDAD VEHICULAR','','','','AAW014 ','COLOR PLATA. MARCA MITSUBISHI. MODELO: GALANT 2.5 VR A/T','',24000.00),(136626,'REGISTRO DE PROPIEDAD VEHICULAR','','','','T2P113 ','COLOR AZUL OSCURO PERLADO. MARCA NISSAN.','',22000.00),(136626,'REGISTRO DE PROPIEDAD VEHICULAR','','','','ACH365 ','MARCA MERCEDES BENZ. MODELO S350. AÑO 2006','',16761.90),(136626,'REGISTRO DE PROPIEDAD VEHICULAR','','','','ACH367 ','MARCA MITSUBISHI. MODELO MONTERO LARGA. AÑO 2007','',17196.31),(136626,'REGISTRO DE PROPIEDAD VEHICULAR','','','','ACH363 ','MARCA LAND ROVER. MODELO RANGE ROVER. AÑO 2009','',32288.82),(136626,'REGISTRO DE PROPIEDAD VEHICULAR','','','','A3M447 ','MARCA TOYOTA. MODELO LAND CRUISER 200. AÑO 2010','',41430.51),(136626,'REGISTRO DE PROPIEDAD VEHICULAR','','','','A5A827 ','MARCA TOYOTA. MODELO HILUX. AÑO 2010','',16340.75),(136626,'REGISTRO DE PROPIEDAD VEHICULAR','','','','C6K925 ','COLOR BLANCO. MARCA HYUNDAI. MODELO HD 78','',30000.00),(136626,'REGISTRO DE PROPIEDAD VEHICULAR','','','','T2L663 ','MARCA CHANGHE. MODELO CH6390E.AÑO 2011','',43158.00),(136626,'REGISTRO DE PROPIEDAD VEHICULAR','','','','D7V780 ','MARCA TOYOTA. MODELO HILUX. AÑO 2012','',89036.39),(136626,'REGISTRO DE PROPIEDAD VEHICULAR','','','','D8K717 ','MARCA TOYOTA. MODELO HILUX. AÑO 2012','',89036.39),(136626,'REGISTRO DE PROPIEDAD VEHICULAR','','','','D8Q851 ','MARCA TOYOTA. MODELO HIACE. AÑO 2012','',109601.47),(136626,'REGISTRO DE PROPIEDAD VEHICULAR','','','','D8R899 ','MARCA TOYOTA. MODELO HILUX. AÑO 2012','',89128.46),(136626,'REGISTRO DE PROPIEDAD VEHICULAR','','','','D8R900 ','MARCA TOYOTA. MODELO HILUX. AÑO 2012','',89128.46),(136626,'REGISTRO DE PROPIEDAD VEHICULAR','','','','D8T794 ','MARCA TOYOTA. MODELO HIACE. AÑO 2012','',109540.40),(136626,'REGISTRO DE PROPIEDAD VEHICULAR','','','','D8U920 ','MARCA TOYOTA. MODELO HILUX. AÑO 2012','',89128.46),(136626,'REGISTRO DE PROPIEDAD VEHICULAR','','','','D8U944 ','MARCA TOYOTA. MODELO HILUX. AÑO 2012','',89128.46),(136626,'REGISTRO DE PROPIEDAD VEHICULAR','','','','D9U868 ','MARCA TOYOTA. MODELO HIACE. AÑO 2012','',109723.82),(136626,'REGISTRO DE PROPIEDAD VEHICULAR','','','','D9Z798 ','MODELO TOYOTA. MODELO HIACE. AÑO 2012','',109601.54),(136626,'REGISTRO DE PROPIEDAD VEHICULAR','','','','D9Z882 ','MARCA TOYOTA. MODELO HIACE. AÑO 2012','',109601.47),(136626,'REGISTRO DE PROPIEDAD VEHICULAR','','','','D9Z905 ','MARCA TOYOTA. MODELO HIACE. AÑO 2012','',109570.97),(136626,'REGISTRO DE PROPIEDAD VEHICULAR','','','','D9Z910 ','MARCA TOYOTA. MODELO HILUX. AÑO 2012','',89266.03),(136626,'REGISTRO DE PROPIEDAD VEHICULAR','','','','D0B853 ','MARCA TOYOTA. MODELO HIACE. AÑO 2012','',109723.82),(136626,'REGISTRO DE PROPIEDAD VEHICULAR','','','','D0B875 ','MARCA TOYOTA. MODELO HIACE. AÑO 2012','',109540.40),(136626,'REGISTRO DE PROPIEDAD VEHICULAR','','','','D0B876 ','MARCA TOYOTA. MODELO HILUX. AÑO 2012','',88973.81),(136626,'REGISTRO DE PROPIEDAD VEHICULAR','','','','D0B949 ','MARCA TOYOTA. MODELO HIACE. AÑO 2012','',109601.54),(136626,'REGISTRO DE PROPIEDAD VEHICULAR','','','','D0C811 ','MARCA TOYOTA. MODELO HILUX. AÑO 2012','',88973.81),(136626,'REGISTRO DE PROPIEDAD VEHICULAR','','','','D0E859 ','MARCA TOYOTA. MODELO HIACE. AÑO 2012','',109570.97),(136626,'REGISTRO DE PROPIEDAD VEHICULAR','','','','F0I825 ','MARCA TOYOTA. MODELO HILUX. COLOR BLANCO','',120482.75),(136626,'REGISTRO DE PROPIEDAD VEHICULAR','','','','F0I824 ','MARCA TOYOTA. MODELO HILUX','',120482.75),(136626,'REGISTRO DE PROPIEDAD VEHICULAR','','','','F0I826 ','MARCA TOYOTA. MODELO HILUX','',120482.75),(136626,'REGISTRO DE PROPIEDAD VEHICULAR','','','','F0I949 ','MARCA TOYOTA. MODELO HILUX','',120482.75),(136626,'REGISTRO DE PROPIEDAD VEHICULAR','','','','F0J701 ','MARCA TOYOTA. MODELO HILUX','',120482.75),(136626,'REGISTRO DE PROPIEDAD VEHICULAR','','','','F0J702 ','COLOR BLANCO. MARCA TOYOTA. MODELO HILUX','',120482.75),(136626,'REGISTRO DE PROPIEDAD VEHICULAR','','','','F0J762 ','MARCA TOYOTA. MODELO HILUX','',120482.75),(136626,'REGISTRO DE PROPIEDAD VEHICULAR','','','','F0J764 ','MARCA TOYOTA. MODELO HILUX','',120482.75),(136626,'REGISTRO DE PROPIEDAD VEHICULAR','','','','F0J765 ','MARCA TOYOTA. MODELO HILUX','',120482.75),(136626,'REGISTRO DE PROPIEDAD VEHICULAR','','','','F0J798 ','MARCA TOYOTA. MODELO HILUX','',120482.75),(136626,'REGISTRO DE PROPIEDAD VEHICULAR','','','','F0J857 ','COLOR BLANCO. MARCA TOYOTA. MODELO HILUX','',120482.75),(136626,'REGISTRO DE PROPIEDAD VEHICULAR','','','','F0J860 ','MARCA TOYOTA. MODELO HILUX','',120482.75),(136626,'REGISTRO DE PROPIEDAD VEHICULAR','','','','F0J861 ','COLOR BLANCO. MARCA TOYOTA. MODELO HILUX','',120482.75),(136626,'REGISTRO DE PROPIEDAD VEHICULAR','','','','F0J846 ','MARCA TOYOTA. MODELO HILUX','',120482.75),(136626,'REGISTRO DE PROPIEDAD VEHICULAR','','','','F0J844 ','MARCA TOYOTA. MODELO HILUX','',120482.75),(136626,'REGISTRO DE PROPIEDAD VEHICULAR','','','','F0J845 ','MARCA TOYOTA. MODELO HILUX','',120482.75),(136626,'REGISTRO DE PROPIEDAD VEHICULAR','','','','F0J936 ','COLOR BLANCO. MARCA TOYOTA. MODELO HILUX','',120482.75),(136626,'REGISTRO DE PROPIEDAD VEHICULAR','','','','F0J937 ','MARCA TOYOTA. MODELO HILUX','',120482.75),(136626,'REGISTRO DE PROPIEDAD VEHICULAR','','','','F0J938 ','COLOR BLANCO. MARCA TOYOTA. MODELO HILUX','',120482.75),(136626,'REGISTRO DE PROPIEDAD VEHICULAR','','','','F0K762 ','MARCA TOYOTA. MODELO HILUX','',120482.75),(136626,'REGISTRO DE PROPIEDAD VEHICULAR','','','','F0K766 ','MARCA TOYOTA. MODELO HILUX','',120482.75),(136626,'REGISTRO DE PROPIEDAD VEHICULAR','','','','F0K770 ','COLOR BLANCO. MARCA TOYOTA. MODELO HILUX','',120482.75),(136626,'REGISTRO DE PROPIEDAD VEHICULAR','','','','F0K772 ','COLOR BLANCO. MARCA TOYOTA. MODELO HILUX','',120482.75),(136626,'REGISTRO DE PROPIEDAD VEHICULAR','','','','F0K774 ','MARCA TOYOTA. MODELO HILUX','',120482.75),(136626,'REGISTRO DE PROPIEDAD VEHICULAR','','','','F0K844 ','COLOR BLANCO. MARCA TOYOTA. MODELO HILUX','',120482.75),(136626,'REGISTRO DE PROPIEDAD VEHICULAR','','','','F0K846 ','COLOR BLANCO. MARCA TOYOTA. MODELO HILUX','',120482.75),(136626,'REGISTRO DE PROPIEDAD VEHICULAR','','','','F0K882 ','COLOR BLANCO. MARCA TOYOTA. MODELO HILUX','',120482.75),(136626,'REGISTRO DE PROPIEDAD VEHICULAR','','','','F0K883 ','MARCA TOYOTA. MODELO HILUX.','',120482.75),(136626,'REGISTRO DE PROPIEDAD VEHICULAR','','','','F0K884 ','MARCA TOYOTA. MODELO HILUX','',120482.75),(136626,'REGISTRO DE PROPIEDAD VEHICULAR','','','','F0Q726 ','MARCA TOYOTA. MODELO HILUX','',120482.75),(136626,'REGISTRO DE PROPIEDAD VEHICULAR','','','','F0T845 ','COLOR BLANCO AZUL ROJO, MARCA HIGER. MODELO FM','',22000.00),(136626,'REGISTRO DE PROPIEDAD VEHICULAR','','','','F9A560 ','COLOR PLATA METALICO, MARCA LEXUS, MODELO LX','',359650.00),(136626,'REGISTRO DE PROPIEDAD VEHICULAR','','','','T6K950 ','COLOR AZUL BLANCO ROJO. MARCA HIGER. MODELO: KLQ6728G','',25000.00),(136626,'REGISTRO DE PROPIEDAD VEHICULAR','','','','28788B ','COLOR AZUL. MARCA STILOS. MODELO STILOS','',9000.00),(136626,'REGISTRO DE PROPIEDAD VEHICULAR','','','','32158B ','COLOR AZUL. MARCA STILOS. MODELO STILOS','',9000.00),(136626,'REGISTRO DE PROPIEDAD VEHICULAR','','','','50078B ','COLOR AZUL. MARCA STILOS. MODELO STILOS','',9000.00),(136626,'REGISTRO DE PROPIEDAD VEHICULAR','','','','51798B ','COLOR AZUL. MARCA STILOS. MODELO STILOS','',9000.00),(136626,'REGISTRO DE PROPIEDAD VEHICULAR','','','','53088B ','COLOR AZUL. MARCA STILOS. MODELO STILOS','',9000.00),(136626,'REGISTRO DE PROPIEDAD VEHICULAR','','','','53098B ','COLOR AZUL. MARCA STILOS. MODELO STILOS','',9000.00),(136626,'REGISTRO DE PROPIEDAD VEHICULAR','','','','54088B ','COLOR AZUL. MARCA STILOS. MODELO STILOS','',9000.00),(136626,'REGISTRO DE PROPIEDAD VEHICULAR','','','','54238B ','COLOR AZUL. MARCA STILOS. MODELO STILOS','',9000.00),(136626,'REGISTRO DE PROPIEDAD VEHICULAR','','','','56968B ','COLOR AZUL. MARCA STILOS. MODELO STILOS','',9000.00),(136626,'REGISTRO DE PROPIEDAD VEHICULAR','','','','59188B ','COLOR AZUL. MARCA STILOS. MODELO STILOS','',9000.00),(136626,'REGISTRO DE PROPIEDAD VEHICULAR','','','','60378B ','COLOR AZUL. MARCA STILOS. MODELO STILOS','',9000.00),(136626,'REGISTRO DE PROPIEDAD VEHICULAR','','','','60648B ','COLOR AZUL. MARCA STILOS. MODELO STILOS','',9000.00),(136626,'REGISTRO DE PROPIEDAD VEHICULAR','','','','61228B ','COLOR AZUL.MARCA STILOS. MODELO STILOS','',9000.00),(136626,'REGISTRO DE PROPIEDAD VEHICULAR','','','','61848B ','COLOR AZUL. MARCA STILOS. MODELO STILOS.','',9000.00),(136626,'REGISTRO DE PROPIEDAD VEHICULAR','','','','65078B ','COLOR AZUL. MARCA STILOS. MODELO STILOS.','',9000.00),(136626,'REGISTRO DE PROPIEDAD VEHICULAR','','','','68278B ','COLOR AZUL. MARCA STILOS. MODELO STILOS','',9000.00),(136626,'REGISTRO DE PROPIEDAD VEHICULAR','','','','69548B ','COLOR AZUL. MARCA STILOS. MODELO STILOS.','',9000.00),(136626,'REGISTRO DE PROPIEDAD VEHICULAR','','','','70148B ','COLOR AZUL. MARCA STILOS. MODELO STILOS','',9000.00),(136626,'REGISTRO DE PROPIEDAD VEHICULAR','','','','79528B ','COLOR AZUL. MARCA STILOS. MODELO STILOS.','',9000.00),(136626,'REGISTRO DE PROPIEDAD VEHICULAR','','','','81018B ','COLOR AZUL. MARCA STILOS. MODELO STILOS','',9000.00),(136626,'REGISTRO DE PROPIEDAD VEHICULAR','','','','AFU922 ','MARCA HIGER. MODELO KLQ5728G. AÑO 2012','',60421.20),(136626,'REGISTRO DE PROPIEDAD VEHICULAR','','','','C8W960 ','MARCA HIGER. MODELO KLQ1830F. AÑO 2013','',258948.00),(136626,'REGISTRO DE PROPIEDAD VEHICULAR','','','','AFV840 ','COLOR AZUL/ROJO/BLANCO. MARCA HIGER. MODELO: KLQ6728G','',25000.00),(136626,'REGISTRO DE PROPIEDAD VEHICULAR','','','','C8W965 ','MARCA HIGER. MODELO KLQ6796. AÑO 2012','',100702.00),(136626,'REGISTRO DE PROPIEDAD VEHICULAR','','','','AFV845 ','COLOR: AZUL ROJO BLANCO. MARCA: HIGER. MODELO: KLQ6728G','',25000.00),(136626,'REGISTRO DE PROPIEDAD VEHICULAR','','','','C8W966 ','COLOR AZUL/ROJO/BLANCO. MARCA HIGER. MODELO: KLQ1830F','',25000.00),(136626,'REGISTRO DE PROPIEDAD VEHICULAR','','','','C8W967 ','COLOR AZUL ROJO BLANCO. MARCA HIGER. MODELO KLQ6796','',25000.00),(136626,'REGISTRO DE PROPIEDAD VEHICULAR','','','','C8W968 ','MARCA HIGER. MODELO KLQ6796. AÑO 2012','',100702.00),(136626,'REGISTRO DE PROPIEDAD VEHICULAR','','','','C8X950 ','MARCA HIGER. MODELO KLQ6796','',100702.00),(136626,'REGISTRO DE PROPIEDAD VEHICULAR','','','','AFX818 ','COLOR AZUL/ROJO/BLANCO. MARCA HIGER. MODELO KLQ6728G','',25000.00),(136626,'REGISTRO DE PROPIEDAD VEHICULAR','','','','AHA728 ','COLOR AZUL/ROJO/BLANCO. MARCA HIGER. MODELO KLQ6129GC','',25000.00),(136626,'REGISTRO DE PROPIEDAD VEHICULAR','','','','AHA729 ','COLOR AZUL ROJO BLANCO. MARCA HIGER. MODELO: KLQ6129GC','',25000.00),(136626,'REGISTRO DE PROPIEDAD VEHICULAR','','','','AHR828 ','MARCA HIGER. MODELO KLQ6728G. AÑO 2012','',60421.20),(136626,'REGISTRO DE PROPIEDAD VEHICULAR','','','','AJA705 ','COLOR AZUL ROJO BLANCO. MARCA HIGER. MODELO KLQ6728G','',25000.00),(136626,'REGISTRO DE PROPIEDAD VEHICULAR','','','','AJL924 ','COLOR BLANCO. MARCA TOYOTA. MODELO HILUX','',30000.00),(136626,'REGISTRO DE PROPIEDAD VEHICULAR','','','','AJM707 ','COLOR BLANCO. MARCA TOYOTA. MODELO HILUX','',30000.00),(136626,'REGISTRO DE PROPIEDAD VEHICULAR','','','','AJM708 ','COLOR BLANCO. MARCA TOYOTA. MODELO HILUX','',30000.00),(136626,'REGISTRO DE PROPIEDAD VEHICULAR','','','','AJM709 ','COLOR BLANCO. MARCA TOYOTA. MODELO HILUX','',30000.00),(136626,'REGISTRO DE PROPIEDAD VEHICULAR','','','','AJM783 ','COLOR BLANCO. MARCA TOYOTA. MODELO HILUX','',30000.00),(136626,'REGISTRO DE PROPIEDAD VEHICULAR','','','','AJM784 ','COLOR BLANCO. MARCA TOYOTA. MODELO HILUX','',30000.00),(136626,'REGISTRO DE PROPIEDAD VEHICULAR','','','','AJM785 ','COLOR BLANCO. MARCA TOYOTA. MODELO HILUX.','',30000.00),(136626,'REGISTRO DE PROPIEDAD VEHICULAR','','','','AJM786 ','COLOR BLANCO. MARCA TOYOTA. MODELO HILUX','',30000.00),(136626,'REGISTRO DE PROPIEDAD VEHICULAR','','','','AJM804 ','COLOR BLANCO. MARCA TOYOTA. MODELO HILUX','',30000.00),(136626,'REGISTRO DE PROPIEDAD VEHICULAR','','','','AJM818 ','COLOR BLANCO. MARCA TOYOTA. MODELO HILUX','',30000.00),(136626,'REGISTRO DE PROPIEDAD VEHICULAR','','','','AJM802 ','COLOR BLANCO. MARCA TOYOTA. MODELO HILUX','',30000.00),(136626,'REGISTRO DE PROPIEDAD VEHICULAR','','','','AJM793 ','COLOR BLANCO. MARCA TOYOTA. MODELO HILUX','',30000.00),(136626,'REGISTRO DE PROPIEDAD VEHICULAR','','','','AJM799 ','COLOR BLANCO. MARCA TOYOTA. MODELO: HILUX','',30000.00),(136626,'REGISTRO DE PROPIEDAD VEHICULAR','','','','AJM828 ','COLOR BLANCO. MARCA TOYOTA. MODELO HILUX.','',30000.00),(136626,'REGISTRO DE PROPIEDAD VEHICULAR','','','','AJM829 ','COLOR BLANCO. MARCA TOYOTA. MODELO HILUX','',30000.00),(136626,'REGISTRO DE PROPIEDAD VEHICULAR','','','','AJM845 ','COLOR BLANCO. MARCA TOYOTA. MODELO HILUX','',30000.00),(136626,'REGISTRO DE PROPIEDAD VEHICULAR','','','','AJM846 ','COLOR BLANCO. MARCA TOYOTA. MODELO HILUX','',30000.00),(136626,'REGISTRO DE PROPIEDAD VEHICULAR','','','','AJM847 ','COLOR BLANCO. MARCA TOYOTA. MODELO HILUX','',30000.00),(136626,'REGISTRO DE PROPIEDAD VEHICULAR','','','','AJM881 ','COLOR BLANCO. MARCA TOYOTA. MODELO: HILUX','',30000.00),(136626,'REGISTRO DE PROPIEDAD VEHICULAR','','','','AJM910 ','COLOR BLANCO. MARCA TOYOTA. MODELO: HILUX','',30000.00),(136626,'REGISTRO DE PROPIEDAD VEHICULAR','','','','ARH133 ','MARCA MERCEDES BENZ. MODELO S500L.AÑO 2016','',160000.00),(136626,'REGISTRO DE PROPIEDAD VEHICULAR','','','','AVD543 ','COLOR GRIS MICA METALICO. MARCA TOYOTA. MODELO: FORTUNER','',96000.00),(136626,'REGISTRO DE PROPIEDAD VEHICULAR','','','','AYL423 ','MARCA AUDI. MODELO Q3 DESIGN 2.0','',143860.00),(136626,'REGISTRO DE PROPIEDAD VEHICULAR','','','','BDT031 ','MARCA LEXUS. MODELO LX. AÑO 2018','',420071.20),(136626,'REGISTRO DE PROPIEDAD VEHICULAR','','','','2502FB ','COLOR AZUL. MARCA RAUDO. MODELO: SEVERO RJ','',10000.00),(136626,'REGISTRO DE PROPIEDAD VEHICULAR','','','','2539FB ','COLOR AZUL. MARCA RAUDO. MODELO SEVERO RD','',10000.00),(136626,'REGISTRO DE PROPIEDAD VEHICULAR','','','','2663FB ','COLOR AZUL. MARCA RAUDO. MODELO SEVERO RD','',10000.00),(136626,'REGISTRO DE PROPIEDAD VEHICULAR','','','','2878FB ','COLOR AZUL. MARCA RAUDO. MODELO SEVERO RD','',10000.00),(136626,'REGISTRO DE PROPIEDAD VEHICULAR','','','','3172FB ','COLOR AZUL. MARCA RAUDO. MODELO SEVERO RD','',10000.00),(136626,'REGISTRO DE PROPIEDAD VEHICULAR','','','','3190FB ','COLOR AZUL. MARCA RAUDO. MODELO SEVERO RD','',10000.00),(136626,'REGISTRO DE PROPIEDAD VEHICULAR','','','','3235FB ','COLOR AZUL. MARDA RAUDO. MODELO SEVERO RJ','',10000.00),(136626,'REGISTRO DE PROPIEDAD VEHICULAR','','','','3509FB ','COLOR AZUL. MARCA RAUDO. MODELO SEVERO RD','',10000.00),(136626,'REGISTRO DE PROPIEDAD VEHICULAR','','','','4005FB ','COLOR AZUL. MARCA RAUDO. MODELO SEVERO RD','',10000.00),(136626,'REGISTRO DE PROPIEDAD VEHICULAR','','','','4641FB ','COLOR AZUL. MARCA RAUDO. MODELO SEVERO RJ','',10000.00),(136626,'REGISTRO DE PROPIEDAD VEHICULAR','','','','4642FB ','COLOR AZUL. MARCA RAUDO. MODELO SEVERO RD','',10000.00),(136626,'REGISTRO DE PROPIEDAD VEHICULAR','','','','7480FB ','COLOR AZUL. MARCA RAUDO. MODELO SEVERO RJ','',10000.00),(136626,'REGISTRO DE PROPIEDAD VEHICULAR','','','','D9T897','COLOR PLATA VERDE. MARCA TOYOTA. MODELO HILUX','',89266.03),(136938,'REGISTRO DE PROPIEDAD VEHICULAR','','','','II8638 ','AUTO MARCA VOLKSWAGEN - COLOR BEIGE','AUTO REPORTADO COMO ROBADO EN EL AÑO 2002',1500.00),(136938,'REGISTRO DE PROPIEDAD VEHICULAR','','','','ACO509 ','AUTO MARCA VOLVO - MODELO 360 GLE - COLOR ROJO - AÑO 1984','',4000.00),(136953,'REGISTRO DE PROPIEDAD VEHICULAR','','','','AJW287 ','AUTO MARCA BMW - MODELO X5 - COLOR BLANCO - AÑO 2015','',160500.00),(136953,'REGISTRO DE PROPIEDAD VEHICULAR','','','','BJB582 ','MARCA VOLVO - MODELO XC90 - COLOR NEGRO - AÑO 2019','',175000.00),(137542,'REGISTRO DE PROPIEDAD VEHICULAR','','','','A2I249 ','AUTOMOVIL BMW','',2500.00),(137542,'REGISTRO DE PROPIEDAD VEHICULAR','','','','D6T065 ','CAMIONETA TOYOTA','',22433.24),(137542,'REGISTRO DE PROPIEDAD VEHICULAR','','','','F6P328 ','CAMIONETA PILOT EXL','',63000.00),(137542,'REGISTRO DE PROPIEDAD VEHICULAR','','','','25359C ','MOTO KAWASAKI','',48000.00),(137757,'REGISTRO DE PROPIEDAD VEHICULAR','','','','V1E430 ','AUTOMOVIL MAZDA 323','CAMBIO DE PLACA BH6574 DE AUTOMOVIL',3600.00),(137757,'REGISTRO DE PROPIEDAD VEHICULAR','','','','B9U327 ','CAMIONETA GREAT WALL','FABRICACION 2011',39600.00),(137777,'REGISTRO DE PROPIEDAD VEHICULAR','','','','AZB015 ','TOYOTA COROLLA BLANCO','PARTIDA 53670475',58000.00),(137888,'REGISTRO DE PROPIEDAD VEHICULAR','','','','BJQ449 ','B1Q449-X3','FINANCIADO A TRAVES DEL BCP',147000.00),(137907,'REGISTRO DE PROPIEDAD VEHICULAR','','','','V5D807 ','HI LUX','CAMIONETA',28800.00),(137907,'REGISTRO DE PROPIEDAD VEHICULAR','','','','BRL420 ','SUBARU IMPREZA','AUTOMOVIL',67450.00);
/*!40000 ALTER TABLE `bien_mueble` ENABLE KEYS */;
UNLOCK TABLES;

--
-- Table structure for table `bien_otro`
--

DROP TABLE IF EXISTS `bien_otro`;
/*!40101 SET @saved_cs_client     = @@character_set_client */;
/*!40101 SET character_set_client = utf8 */;
CREATE TABLE `bien_otro` (
  `hoja_vida_id` varchar(0) DEFAULT NULL,
  `tipo_bien` varchar(0) DEFAULT NULL,
  `descripcion` varchar(0) DEFAULT NULL,
  `valor` varchar(0) DEFAULT NULL
) ENGINE=InnoDB DEFAULT CHARSET=utf8mb4;
/*!40101 SET character_set_client = @saved_cs_client */;

--
-- Dumping data for table `bien_otro`
--

LOCK TABLES `bien_otro` WRITE;
/*!40000 ALTER TABLE `bien_otro` DISABLE KEYS */;
/*!40000 ALTER TABLE `bien_otro` ENABLE KEYS */;
UNLOCK TABLES;

--
-- Table structure for table `candidato`
--

DROP TABLE IF EXISTS `candidato`;
/*!40101 SET @saved_cs_client     = @@character_set_client */;
/*!40101 SET character_set_client = utf8 */;
CREATE TABLE `candidato` (
  `hoja_vida_id` mediumint(9) DEFAULT NULL,
  `id_dni` int(11) DEFAULT NULL,
  `id_ce` varchar(0) DEFAULT NULL,
  `id_nombres` varchar(28) DEFAULT NULL,
  `id_apellido_paterno` varchar(12) DEFAULT NULL,
  `id_apellido_materno` varchar(16) DEFAULT NULL,
  `id_sexo` varchar(1) DEFAULT NULL,
  `nacimiento_fecha` varchar(10) DEFAULT NULL,
  `nacimiento_pais` varchar(9) DEFAULT NULL,
  `nacimiento_ubigeo` mediumint(9) DEFAULT NULL,
  `nacimiento_departamento` varchar(12) DEFAULT NULL,
  `nacimiento_provincia` varchar(17) DEFAULT NULL,
  `nacimiento_distrito` varchar(20) DEFAULT NULL,
  `domicilio_ubigeo` mediumint(9) DEFAULT NULL,
  `domicilio_departamento` varchar(11) DEFAULT NULL,
  `domicilio_provincia` varchar(13) DEFAULT NULL,
  `domicilio_distrito` varchar(22) DEFAULT NULL,
  `domicilio_direccion` varchar(66) DEFAULT NULL,
  `postula_ubigeo` mediumint(9) DEFAULT NULL,
  `postula_departamento` varchar(1) DEFAULT NULL,
  `postula_provincia` varchar(1) DEFAULT NULL,
  `postula_distrito` varchar(11) DEFAULT NULL,
  `postula_anio` smallint(6) DEFAULT NULL,
  `proceso_electoral_id` smallint(6) DEFAULT NULL,
  `candidato_id` mediumint(9) DEFAULT NULL,
  `posicion` tinyint(4) DEFAULT NULL,
  `cargo_id` tinyint(4) DEFAULT NULL,
  `cargo_nombre` varchar(39) DEFAULT NULL,
  `org_politica_id` smallint(6) DEFAULT NULL,
  `org_politica_nombre` varchar(46) DEFAULT NULL,
  `org_politica_tipo` varchar(18) DEFAULT NULL,
  `hoja_vida` varchar(10) DEFAULT NULL,
  `estado_id` tinyint(4) DEFAULT NULL,
  `estado_nombre` varchar(10) DEFAULT NULL,
  `expediente_id` mediumint(9) DEFAULT NULL,
  `tipo_eleccion_id` tinyint(4) DEFAULT NULL,
  `expediente_codigo` varchar(13) DEFAULT NULL,
  `expediente_estado` varchar(21) DEFAULT NULL,
  `expediente_ubigeo` varchar(0) DEFAULT NULL,
  `expediente_region` varchar(0) DEFAULT NULL,
  `expediente_provincia` varchar(0) DEFAULT NULL,
  `expediente_distrito` varchar(0) DEFAULT NULL,
  `lista_solicitud_id` mediumint(9) DEFAULT NULL,
  `lista_solicitud_estado` varchar(16) DEFAULT NULL,
  `jurado_electoral_id` tinyint(4) DEFAULT NULL,
  `jurado_electoral_nombre` varchar(13) DEFAULT NULL,
  `candidatos_mujeres` tinyint(4) DEFAULT NULL,
  `candidatos_hombres` tinyint(4) DEFAULT NULL,
  `ubicacion_jurado_id` smallint(6) DEFAULT NULL,
  `distrito_electoral` varchar(0) DEFAULT NULL,
  `candidato_designado` tinyint(4) DEFAULT NULL,
  `enlace_foto` varchar(59) DEFAULT NULL
) ENGINE=InnoDB DEFAULT CHARSET=utf8mb4;
/*!40101 SET character_set_client = @saved_cs_client */;

--
-- Dumping data for table `candidato`
--

LOCK TABLES `candidato` WRITE;
/*!40000 ALTER TABLE `candidato` DISABLE KEYS */;
INSERT INTO `candidato` VALUES (133825,43328757,'','JORGE CARLOS','MONTOYA','MANRIQUE','M','04/04/1951','PERÚ',140124,'LIMA','LIMA','SAN ISIDRO',140124,'LIMA','LIMA','SAN ISIDRO','CALLE LOS LAURELES 390 DPTO. 201',140100,' ',' ','LIMA',2020,110,162865,3,3,'SEGUNDO VICEPRESIDENTE DE LA REPÚBLICA',22,'RENOVACION POPULAR','PARTIDOS POLITICOS','CONFIRMADO',2,'ACTIVO (U)',90724,1,'EG.2021004321','INSCRITO','','','','',22690,'INSCRITO',0,'LIMA CENTRO 1',1,2,1536,'',0,'https://declara.jne.gob.pe/Assets/Fotos-HojaVida/133825.jpg'),(133837,7831436,'','CARMEN PATRICIA','JUAREZ','GALLEGOS','F','16/07/1960','PERÚ',100304,'ICA','NASCA','MARCONA',140115,'LIMA','LIMA','MIRAFLORES','CALLE PROLG. ARENALES 863 DPTO.202',140100,' ',' ','LIMA',2020,110,162307,3,3,'SEGUNDO VICEPRESIDENTE DE LA REPÚBLICA',1366,'FUERZA POPULAR','PARTIDOS POLITICOS','CONFIRMADO',2,'ACTIVO (U)',90389,1,'EG.2021003994','INSCRITO','','','','',22579,'INSCRITO',0,'LIMA CENTRO 1',2,1,1536,'',0,'https://declara.jne.gob.pe/Assets/Fotos-HojaVida/133837.jpg'),(133878,10001088,'','KEIKO SOFIA','FUJIMORI','HIGUCHI','F','25/05/1975','PERÚ',140133,'LIMA','LIMA','JESUS MARIA',140130,'LIMA','LIMA','SANTIAGO DE SURCO','AV. DE LA FLORESTA 241 DPTO. 301 URB. CHACARILLA DEL ESTANQUE',0,' ',' ',' ',2020,110,162305,1,1,'PRESIDENTE DE LA REPÚBLICA',1366,'FUERZA POPULAR','PARTIDOS POLITICOS','CONFIRMADO',2,'ACTIVO (U)',90389,1,'EG.2021003994','INSCRITO','','','','',22579,'INSCRITO',0,'LIMA CENTRO 1',2,1,1536,'',0,'https://declara.jne.gob.pe/Assets/Fotos-HojaVida/133878.jpg'),(133886,8104229,'','LUIS ALBERTO','VELARDE','YAÑEZ','M','05/06/1956','PERÚ',140101,'LIMA','LIMA','LIMA',140115,'LIMA','LIMA','MIRAFLORES','CALLE ELIAS AGUIRRE 141 TORRE C INT 513',140100,' ',' ','LIMA',2020,110,163347,3,3,'SEGUNDO VICEPRESIDENTE DE LA REPÚBLICA',4,'ACCION POPULAR','PARTIDOS POLITICOS','CONFIRMADO',2,'ACTIVO (U)',90694,1,'EG.2021004292','INSCRITO','','','','',22765,'INSCRITO',0,'LIMA CENTRO 1',1,2,1536,'',0,'https://declara.jne.gob.pe/Assets/Fotos-HojaVida/133886.jpg'),(133901,10545336,'','LUCIA DEL PILAR','LEDESMA','MARTINEZ DE CRUZ','F','11/12/1967','PERÚ',140133,'LIMA','LIMA','JESUS MARIA',140109,'LIMA','LIMA','LA VICTORIA','CALLE PATRICIO IRIARTE 211 INT. 215 URB. SANTA CATALINA',140100,' ',' ','LIMA',2020,110,163117,2,2,'PRIMER VICEPRESIDENTE DE LA REPÚBLICA',15,'PARTIDO POPULAR CRISTIANO - PPC','PARTIDOS POLITICOS','CONFIRMADO',2,'ACTIVO (U)',91167,1,'EG.2021004756','INSCRITO','','','','',22495,'INSCRITO',0,'LIMA CENTRO 1',1,2,1536,'',0,'https://declara.jne.gob.pe/Assets/Fotos-HojaVida/133901.jpg'),(134119,19813153,'','CIRO ALFREDO','GALVEZ','HERRERA','M','16/01/1949','PERÚ',80519,'HUANCAVELICA','TAYACAJA','SALCABAMBA',110101,'JUNIN','HUANCAYO','HUANCAYO','CALLE REAL 583',0,' ',' ',' ',2020,110,164628,1,1,'PRESIDENTE DE LA REPÚBLICA',5,'RENACIMIENTO UNIDO NACIONAL','PARTIDOS POLITICOS','CONFIRMADO',2,'ACTIVO (U)',91060,1,'EG.2021004649','INSCRITO','','','','',23007,'INSCRITO',0,'LIMA CENTRO 1',1,2,1536,'',0,'https://declara.jne.gob.pe/Assets/Fotos-HojaVida/134119.jpg'),(134120,6161792,'','SONIA','GARCIA','OSORES','F','11/07/1962','PERÚ',80501,'HUANCAVELICA','TAYACAJA','PAMPAS',140137,'LIMA','LIMA','SAN JUAN DE LURIGANCHO','CALLE TIAHUANACO 766 URB. ZARATE',140100,' ',' ','LIMA',2020,110,164629,2,2,'PRIMER VICEPRESIDENTE DE LA REPÚBLICA',5,'RENACIMIENTO UNIDO NACIONAL','PARTIDOS POLITICOS','CONFIRMADO',2,'ACTIVO (U)',91060,1,'EG.2021004649','INSCRITO','','','','',23007,'INSCRITO',0,'LIMA CENTRO 1',1,2,1536,'',0,'https://declara.jne.gob.pe/Assets/Fotos-HojaVida/134120.jpg'),(134121,9381066,'','CLAUDIO ALEJANDRO','ZOLLA','SUAREZ','M','08/01/1969','PERÚ',140133,'LIMA','LIMA','JESUS MARIA',140130,'LIMA','LIMA','SANTIAGO DE SURCO','AV. LOS ALAMOS 378 DPTO. 401-A URB. EL CORTIJO',140100,' ',' ','LIMA',2020,110,164630,3,3,'SEGUNDO VICEPRESIDENTE DE LA REPÚBLICA',5,'RENACIMIENTO UNIDO NACIONAL','PARTIDOS POLITICOS','CONFIRMADO',2,'ACTIVO (U)',91060,1,'EG.2021004649','INSCRITO','','','','',23007,'INSCRITO',0,'LIMA CENTRO 1',1,2,1536,'',0,'https://declara.jne.gob.pe/Assets/Fotos-HojaVida/134121.jpg'),(134124,40804904,'','GISELA','TIPE','DE LA CRUZ','F','16/02/1981','PERÚ',50101,'AYACUCHO','HUAMANGA','AYACUCHO',50101,'AYACUCHO','HUAMANGA','AYACUCHO','JR.M.P.DE BELLIDO 756',50000,' ',' ','AYACUCHO',2020,110,163346,2,2,'PRIMER VICEPRESIDENTE DE LA REPÚBLICA',4,'ACCION POPULAR','PARTIDOS POLITICOS','CONFIRMADO',2,'ACTIVO (U)',90694,1,'EG.2021004292','INSCRITO','','','','',22765,'INSCRITO',0,'LIMA CENTRO 1',1,2,1536,'',0,'https://declara.jne.gob.pe/Assets/Fotos-HojaVida/134124.jpg'),(134127,1211014,'','YONHY','LESCANO','ANCIETA','M','15/02/1959','PERÚ',200101,'PUNO','PUNO','PUNO',140130,'LIMA','LIMA','SANTIAGO DE SURCO','CALLE SOR MATE 345 URB.RES. EL ROSAL',0,' ',' ',' ',2020,110,163345,1,1,'PRESIDENTE DE LA REPÚBLICA',4,'ACCION POPULAR','PARTIDOS POLITICOS','CONFIRMADO',2,'ACTIVO (U)',90694,1,'EG.2021004292','INSCRITO','','','','',22765,'INSCRITO',0,'LIMA CENTRO 1',1,2,1536,'',0,'https://declara.jne.gob.pe/Assets/Fotos-HojaVida/134127.jpg'),(134133,19669215,'','ANDRES AVELINO','ALCANTARA','PAREDES','M','21/02/1960','PERÚ',120701,'LA LIBERTAD','SANTIAGO DE CHUCO','SANTIAGO DE CHUCO',140101,'LIMA','LIMA','LIMA','JR MOQUEGUA NRO. 284 DPTO 212',0,' ',' ',' ',2020,110,163211,1,1,'PRESIDENTE DE LA REPÚBLICA',2191,'DEMOCRACIA DIRECTA','PARTIDOS POLITICOS','CONFIRMADO',2,'ACTIVO (U)',90689,1,'EG.2021004287','INSCRITO','','','','',22751,'INSCRITO',0,'LIMA CENTRO 1',1,2,1536,'',0,'https://declara.jne.gob.pe/Assets/Fotos-HojaVida/134133.jpg'),(134372,23889981,'','MATILDE','FERNANDEZ','FLOREZ','F','14/03/1964','PERÚ',70104,'CUSCO','CUSCO','SAN JERONIMO',70104,'CUSCO','CUSCO','SAN JERONIMO','URB. INGENIEROS LARAPA GRANDE H-5-3',0,' ',' ',' ',2020,110,164511,2,2,'PRIMER VICEPRESIDENTE DE LA REPÚBLICA',14,'PARTIDO DEMOCRATICO SOMOS PERU','PARTIDOS POLITICOS','CONFIRMADO',2,'ACTIVO (U)',90811,1,'EG.2021004402','INSCRITO','','','','',22990,'INSCRITO',0,'LIMA CENTRO 1',1,2,1536,'',0,'https://declara.jne.gob.pe/Assets/Fotos-HojaVida/134372.jpg'),(134377,9537000,'','LUIS FERNANDO','GALARRETA','VELARDE','M','12/03/1971','PERÚ',140101,'LIMA','LIMA','LIMA',140130,'LIMA','LIMA','SANTIAGO DE SURCO','JR. AMANCAES 466 INT. 303 URB. LAS CASUARINAS SUR',0,' ',' ',' ',2020,110,162306,2,2,'PRIMER VICEPRESIDENTE DE LA REPÚBLICA',1366,'FUERZA POPULAR','PARTIDOS POLITICOS','CONFIRMADO',2,'ACTIVO (U)',90389,1,'EG.2021003994','INSCRITO','','','','',22579,'INSCRITO',0,'LIMA CENTRO 1',2,1,1536,'',0,'https://declara.jne.gob.pe/Assets/Fotos-HojaVida/134377.jpg'),(134382,18010708,'','DANIEL ENRIQUE','SALAVERRY','VILLA','M','07/08/1972','PERÚ',120101,'LA LIBERTAD','TRUJILLO','TRUJILLO',120101,'LA LIBERTAD','TRUJILLO','TRUJILLO','CALLE COLOMBIA 141 PISO 3 URB. EL RECREO',0,' ',' ',' ',2020,110,164510,1,1,'PRESIDENTE DE LA REPÚBLICA',14,'PARTIDO DEMOCRATICO SOMOS PERU','PARTIDOS POLITICOS','CONFIRMADO',2,'ACTIVO (U)',90811,1,'EG.2021004402','INSCRITO','','','','',22990,'INSCRITO',0,'LIMA CENTRO 1',1,2,1536,'',0,'https://declara.jne.gob.pe/Assets/Fotos-HojaVida/134382.jpg'),(134453,40383269,'','JORGE LUIS','PEREZ','FLORES','M','12/09/1979','PERÚ',130101,'LAMBAYEQUE','CHICLAYO','CHICLAYO',130115,'LAMBAYEQUE','CHICLAYO','LA VICTORIA','AV. MANUEL SEOANE 836',0,' ',' ',' ',2020,110,164512,3,3,'SEGUNDO VICEPRESIDENTE DE LA REPÚBLICA',14,'PARTIDO DEMOCRATICO SOMOS PERU','PARTIDOS POLITICOS','CONFIRMADO',2,'ACTIVO (U)',90811,1,'EG.2021004402','INSCRITO','','','','',22990,'INSCRITO',0,'LIMA CENTRO 1',1,2,1536,'',0,'https://declara.jne.gob.pe/Assets/Fotos-HojaVida/134453.jpg'),(134807,29567624,'','NELDY ROXANA','MENDOZA','FLORES','F','03/05/1971','PERÚ',40126,'AREQUIPA','AREQUIPA','MARIANO MELGAR',40126,'AREQUIPA','AREQUIPA','MARIANO MELGAR','CALLE JUAN MANUEL POLAR 619 URB.SANTA ROSA',40000,' ',' ','AREQUIPA',2020,110,162864,2,2,'PRIMER VICEPRESIDENTE DE LA REPÚBLICA',22,'RENOVACION POPULAR','PARTIDOS POLITICOS','CONFIRMADO',2,'ACTIVO (U)',90724,1,'EG.2021004321','INSCRITO','','','','',22690,'INSCRITO',0,'LIMA CENTRO 1',1,2,1536,'',0,'https://declara.jne.gob.pe/Assets/Fotos-HojaVida/134807.jpg'),(134834,478062,'','CORINNE ISABELLE','FLORES','LEMAIRE','F','11/01/1958','PERÚ',140101,'LIMA','LIMA','LIMA',220109,'TACNA','TACNA','POCOLLAY','AV.CELESTINO VARGAS 546',220000,' ',' ','TACNA',2020,110,165367,2,2,'PRIMER VICEPRESIDENTE DE LA REPÚBLICA',2173,'AVANZA PAIS - PARTIDO DE INTEGRACION SOCIAL','PARTIDOS POLITICOS','CONFIRMADO',2,'ACTIVO (U)',91029,1,'EG.2021004618','TACHA EN TRAMITE','','','','',23117,'TACHA EN TRAMITE',0,'LIMA CENTRO 1',1,2,1536,'',0,'https://declara.jne.gob.pe/Assets/Fotos-HojaVida/134834.jpg'),(134910,8330968,'','JOSE ALEJANDRO','VEGA','ANTONIO','M','18/11/1957','PERÚ',140115,'LIMA','LIMA','MIRAFLORES',140137,'LIMA','LIMA','SAN JUAN DE LURIGANCHO','JR. LAS GOLONDRINAS URB. HORIZONTE DE ZARATE MZ. P LT. 9',0,' ',' ',' ',2020,110,163945,1,1,'PRESIDENTE DE LA REPÚBLICA',47,'UNION POR EL PERU','PARTIDOS POLITICOS','CONFIRMADO',2,'ACTIVO (U)',91033,1,'EG.2021004622','INADMISIBLE','','','','',22509,'INADMISIBLE',0,'LIMA CENTRO 1',1,2,1536,'',0,'https://declara.jne.gob.pe/Assets/Fotos-HojaVida/134910.jpg'),(134911,7253288,'','HAYDEE ILDARINA','ANDRADE','RIOS','F','23/11/1967','PERÚ',140133,'LIMA','LIMA','JESUS MARIA',140130,'LIMA','LIMA','SANTIAGO DE SURCO','ANIDA TOMAS MARSANO 3186',0,' ',' ',' ',2020,110,163946,2,2,'PRIMER VICEPRESIDENTE DE LA REPÚBLICA',47,'UNION POR EL PERU','PARTIDOS POLITICOS','CONFIRMADO',2,'ACTIVO (U)',91033,1,'EG.2021004622','INADMISIBLE','','','','',22509,'INADMISIBLE',0,'LIMA CENTRO 1',1,2,1536,'',0,'https://declara.jne.gob.pe/Assets/Fotos-HojaVida/134911.jpg'),(134912,10063223,'','DANIEL HUGO','BARRAGAN','COLOMA','M','21/08/1961','PERÚ',140101,'LIMA','LIMA','LIMA',140107,'LIMA','LIMA','CHACLACAYO','MANZANA M LOTE 21 URB. EL CUADRO',0,' ',' ',' ',2020,110,163947,3,3,'SEGUNDO VICEPRESIDENTE DE LA REPÚBLICA',47,'UNION POR EL PERU','PARTIDOS POLITICOS','CONFIRMADO',2,'ACTIVO (U)',91033,1,'EG.2021004622','INADMISIBLE','','','','',22509,'INADMISIBLE',0,'LIMA CENTRO 1',1,2,1536,'',0,'https://declara.jne.gob.pe/Assets/Fotos-HojaVida/134912.jpg'),(134923,7845838,'','RAFAEL BERNARDO','LOPEZ ALIAGA','CAZORLA','M','11/02/1961','PERÚ',140101,'LIMA','LIMA','LIMA',140115,'LIMA','LIMA','MIRAFLORES','CALLE MANUEL TOVAR 121 SANTA CRUZ',0,' ',' ',' ',2020,110,162863,1,1,'PRESIDENTE DE LA REPÚBLICA',22,'RENOVACION POPULAR','PARTIDOS POLITICOS','CONFIRMADO',2,'ACTIVO (U)',90724,1,'EG.2021004321','INSCRITO','','','','',22690,'INSCRITO',0,'LIMA CENTRO 1',1,2,1536,'',0,'https://declara.jne.gob.pe/Assets/Fotos-HojaVida/134923.jpg'),(134937,24965523,'','ELENA EMPERATRIZ','ASCARZA','QUISPE','F','18/08/1966','PERÚ',70106,'CUSCO','CUSCO','SANTIAGO',70901,'CUSCO','LA CONVENCION','SANTA ANA','PROLG. GENERAL GAMARRA LL-13',70000,' ',' ','CUSCO',2020,110,163212,2,2,'PRIMER VICEPRESIDENTE DE LA REPÚBLICA',2191,'DEMOCRACIA DIRECTA','PARTIDOS POLITICOS','CONFIRMADO',2,'ACTIVO (U)',90689,1,'EG.2021004287','INSCRITO','','','','',22751,'INSCRITO',0,'LIMA CENTRO 1',1,2,1536,'',0,'https://declara.jne.gob.pe/Assets/Fotos-HojaVida/134937.jpg'),(134943,9155583,'','HERNANDO','DE SOTO','POLAR','M','02/06/1941','PERÚ',40101,'AREQUIPA','AREQUIPA','AREQUIPA',140130,'LIMA','LIMA','SANTIAGO DE SURCO','CALLE OSA MAYOR 157 URB.GRANADOS',0,' ',' ',' ',2020,110,165366,1,1,'PRESIDENTE DE LA REPÚBLICA',2173,'AVANZA PAIS - PARTIDO DE INTEGRACION SOCIAL','PARTIDOS POLITICOS','CONFIRMADO',2,'ACTIVO (U)',91029,1,'EG.2021004618','PUBLICADO PARA TACHAS','','','','',23117,'TACHA EN TRAMITE',0,'LIMA CENTRO 1',1,2,1536,'',0,'https://declara.jne.gob.pe/Assets/Fotos-HojaVida/134943.jpg'),(134976,6630665,'','ALBERTO ISMAEL','BEINGOLEA','DELGADO','M','19/11/1964','PERÚ',140133,'LIMA','LIMA','JESUS MARIA',140124,'LIMA','LIMA','SAN ISIDRO','CALLE LUIS ALDANA 270 URB. CORPAC',0,' ',' ',' ',2020,110,163116,1,1,'PRESIDENTE DE LA REPÚBLICA',15,'PARTIDO POPULAR CRISTIANO - PPC','PARTIDOS POLITICOS','CONFIRMADO',2,'ACTIVO (U)',91167,1,'EG.2021004756','INSCRITO','','','','',22495,'INSCRITO',0,'LIMA CENTRO 1',1,2,1536,'',0,'https://declara.jne.gob.pe/Assets/Fotos-HojaVida/134976.jpg'),(134982,7667076,'','JAIME OSWALDO','SALOMON','SALOMON','M','17/11/1963','PERÚ',140101,'LIMA','LIMA','LIMA',140110,'LIMA','LIMA','LA MOLINA','PSJ.GONDOMAR 15-E URB.LA ESTANCIA',140100,' ',' ','LIMA',2020,110,165368,3,3,'SEGUNDO VICEPRESIDENTE DE LA REPÚBLICA',2173,'AVANZA PAIS - PARTIDO DE INTEGRACION SOCIAL','PARTIDOS POLITICOS','CONFIRMADO',2,'ACTIVO (U)',91029,1,'EG.2021004618','TACHA EN TRAMITE','','','','',23117,'TACHA EN TRAMITE',0,'LIMA CENTRO 1',1,2,1536,'',0,'https://declara.jne.gob.pe/Assets/Fotos-HojaVida/134982.jpg'),(135152,9398419,'','DAVID IGNACIO','VERA','TRUJILLO','M','12/05/1969','PERÚ',140133,'LIMA','LIMA','JESUS MARIA',140130,'LIMA','LIMA','SANTIAGO DE SURCO','AV. CAMINOS DEL INCA 1408 URB.LAS GARDENIAS',140100,' ',' ','LIMA',2020,110,163118,3,3,'SEGUNDO VICEPRESIDENTE DE LA REPÚBLICA',15,'PARTIDO POPULAR CRISTIANO - PPC','PARTIDOS POLITICOS','CONFIRMADO',2,'ACTIVO (U)',91167,1,'EG.2021004756','INSCRITO','','','','',22495,'INSCRITO',0,'LIMA CENTRO 1',1,2,1536,'',0,'https://declara.jne.gob.pe/Assets/Fotos-HojaVida/135152.jpg'),(135264,8030064,'','MAGNO','ORTEGA','QUISPE','M','16/03/1952','PERÚ',50101,'AYACUCHO','HUAMANGA','AYACUCHO',140137,'LIMA','LIMA','SAN JUAN DE LURIGANCHO','JR. JOSE LEAL URB. MRCAL CACERES MZ. E6 LT. 13',50000,' ',' ','AYACUCHO',2020,110,164924,3,3,'SEGUNDO VICEPRESIDENTE DE LA REPÚBLICA',2160,'EL FRENTE AMPLIO POR JUSTICIA, VIDA Y LIBERTAD','PARTIDOS POLITICOS','CONFIRMADO',2,'ACTIVO (U)',90882,1,'EG.2021004472','INSCRITO','','','','',23044,'INSCRITO',0,'LIMA CENTRO 1',1,2,1536,'',0,'https://declara.jne.gob.pe/Assets/Fotos-HojaVida/135264.jpg'),(135289,8194883,'','LUIS CARLOS ANTONIO','IBERICO','NUÑEZ','M','02/01/1959','ARGENTINA',200200,'','','',140110,'LIMA','LIMA','LA MOLINA','CALLE SUPERIOR 145',0,' ',' ',' ',2020,110,164909,3,3,'SEGUNDO VICEPRESIDENTE DE LA REPÚBLICA',1257,'ALIANZA PARA EL PROGRESO','PARTIDOS POLITICOS','CONFIRMADO',2,'ACTIVO (U)',90885,1,'EG.2021004475','INSCRITO','','','','',23040,'INSCRITO',0,'LIMA CENTRO 1',1,2,1536,'',0,'https://declara.jne.gob.pe/Assets/Fotos-HojaVida/135289.jpg'),(135341,10308752,'','MARIA DEL CARMEN','OMONTE','DURAND','F','14/06/1970','PERÚ',90101,'HUANUCO','HUANUCO','HUANUCO',140115,'LIMA','LIMA','MIRAFLORES','SAN IGNACIO DE LOYOLA 106 DPTO. 601',0,' ',' ',' ',2020,110,164908,2,2,'PRIMER VICEPRESIDENTE DE LA REPÚBLICA',1257,'ALIANZA PARA EL PROGRESO','PARTIDOS POLITICOS','CONFIRMADO',2,'ACTIVO (U)',90885,1,'EG.2021004475','INSCRITO','','','','',23040,'INSCRITO',0,'LIMA CENTRO 1',1,2,1536,'',0,'https://declara.jne.gob.pe/Assets/Fotos-HojaVida/135341.jpg'),(135388,6256217,'','DINA ERCILIA','BOLUARTE','ZEGARRA','F','31/05/1962','PERÚ',30201,'APURIMAC','AYMARAES','CHALHUANCA',140131,'LIMA','LIMA','SURQUILLO','CALLE LOS HALCONES 326',140100,' ',' ','LIMA',2020,110,165579,2,2,'PRIMER VICEPRESIDENTE DE LA REPÚBLICA',2218,'PARTIDO POLITICO NACIONAL PERU LIBRE','PARTIDOS POLITICOS','CONFIRMADO',2,'ACTIVO (U)',91158,1,'EG.2021004747','INSCRITO','','','','',23155,'INSCRITO',0,'LIMA CENTRO 1',1,2,1536,'',0,'https://declara.jne.gob.pe/Assets/Fotos-HojaVida/135388.jpg'),(135595,26605193,'','MARCO ANTONIO','ARANA','ZEGARRA','M','20/10/1962','PERÚ',60101,'CAJAMARCA','CAJAMARCA','CAJAMARCA',60101,'CAJAMARCA','CAJAMARCA','CAJAMARCA','JR.5 ESQUINAS 944',0,' ',' ',' ',2020,110,164922,1,1,'PRESIDENTE DE LA REPÚBLICA',2160,'EL FRENTE AMPLIO POR JUSTICIA, VIDA Y LIBERTAD','PARTIDOS POLITICOS','CONFIRMADO',2,'ACTIVO (U)',90882,1,'EG.2021004472','INSCRITO','','','','',23044,'INSCRITO',0,'LIMA CENTRO 1',1,2,1536,'',0,'https://declara.jne.gob.pe/Assets/Fotos-HojaVida/135595.jpg'),(135605,40765768,'','VERONIKA FANNY','MENDOZA','FRISCH','F','09/12/1980','PERÚ',70101,'CUSCO','CUSCO','CUSCO',70105,'CUSCO','CUSCO','SAN SEBASTIAN','ASOC. P.V. COVIDUC MZ. A LT. 2',0,' ',' ',' ',2020,110,163651,1,1,'PRESIDENTE DE LA REPÚBLICA',1264,'JUNTOS POR EL PERU','PARTIDOS POLITICOS','CONFIRMADO',2,'ACTIVO (U)',90710,1,'EG.2021004307','INSCRITO','','','','',22845,'INSCRITO',0,'LIMA CENTRO 1',2,1,1536,'',0,'https://declara.jne.gob.pe/Assets/Fotos-HojaVida/135605.jpg'),(135685,9337130,'','JULIO ARMANDO','GUZMAN','CACERES','M','31/07/1970','PERÚ',140133,'LIMA','LIMA','JESUS MARIA',140124,'LIMA','LIMA','SAN ISIDRO','CALLE PROLONGACION ALFREDO SALAZAR 165 DPTO. 401 URB. SANTA ISABEL',0,' ',' ',' ',2020,110,163750,1,1,'PRESIDENTE DE LA REPÚBLICA',2840,'PARTIDO MORADO','PARTIDOS POLITICOS','CONFIRMADO',2,'ACTIVO (U)',90701,1,'EG.2021004299','INSCRITO','','','','',22865,'INSCRITO',0,'LIMA CENTRO 1',1,2,1536,'',0,'https://declara.jne.gob.pe/Assets/Fotos-HojaVida/135685.jpg'),(135686,10213424,'','FLOR AIDEE','PABLO','MEDINA','F','20/09/1974','PERÚ',20813,'ANCASH','HUARI','SAN MARCOS',140127,'LIMA','LIMA','SAN MIGUEL','JR. CRNL FRANCISCO BOLOGNESI 431',140100,' ',' ','LIMA',2020,110,163751,2,2,'PRIMER VICEPRESIDENTE DE LA REPÚBLICA',2840,'PARTIDO MORADO','PARTIDOS POLITICOS','CONFIRMADO',2,'ACTIVO (U)',90701,1,'EG.2021004299','INSCRITO','','','','',22865,'INSCRITO',0,'LIMA CENTRO 1',1,2,1536,'',0,'https://declara.jne.gob.pe/Assets/Fotos-HojaVida/135686.jpg'),(136156,25699270,'','VICTORIA ESPERANZA','PAREDES','SANCHEZ','F','18/03/1947','PERÚ',240101,'CALLAO','CALLAO','CALLAO',240105,'CALLAO','CALLAO','LA PERLA','AV. PACIFICO 558 URB. LA MACARENA',240000,' ',' ','CALLAO',2020,110,164508,2,2,'PRIMER VICEPRESIDENTE DE LA REPÚBLICA',55,'PERU PATRIA SEGURA','PARTIDOS POLITICOS','CONFIRMADO',2,'ACTIVO (U)',90867,1,'EG.2021004457','INSCRITO','','','','',22988,'INSCRITO',0,'LIMA CENTRO 1',1,2,1536,'',0,'https://declara.jne.gob.pe/Assets/Fotos-HojaVida/136156.jpg'),(136318,10540319,'','ANA PATRICIA','AREVALO','MAJLUF','F','04/01/1960','PERÚ',140117,'LIMA','LIMA','PUEBLO LIBRE',140124,'LIMA','LIMA','SAN ISIDRO','AV. AURELIO MIRO QUESADA 166 DPTO. 2001',140100,' ',' ','LIMA',2020,110,164984,2,2,'PRIMER VICEPRESIDENTE DE LA REPÚBLICA',21,'VICTORIA NACIONAL','PARTIDOS POLITICOS','CONFIRMADO',2,'ACTIVO (U)',90977,1,'EG.2021004567','TACHA EN TRAMITE','','','','',23058,'TACHA EN TRAMITE',0,'LIMA CENTRO 1',1,2,1536,'',0,'https://declara.jne.gob.pe/Assets/Fotos-HojaVida/136318.jpg'),(136358,10210778,'','LEYLA','BERROCAL','FLOREZ','F','08/08/1975','PERÚ',140133,'LIMA','LIMA','JESUS MARIA',140139,'LIMA','LIMA','CIENEGUILLA','CALLE 56 MZ 66 TERCERA ETAPA - CIENEGUILLA',140100,' ',' ','LIMA',2020,110,164923,2,2,'PRIMER VICEPRESIDENTE DE LA REPÚBLICA',2160,'EL FRENTE AMPLIO POR JUSTICIA, VIDA Y LIBERTAD','PARTIDOS POLITICOS','CONFIRMADO',2,'ACTIVO (U)',90882,1,'EG.2021004472','INSCRITO','','','','',23044,'INSCRITO',0,'LIMA CENTRO 1',1,2,1536,'',0,'https://declara.jne.gob.pe/Assets/Fotos-HojaVida/136358.jpg'),(136416,7886231,'','JOSE ANTONIO','DE ECHAVE','CACERES','M','13/06/1957','PERÚ',140115,'LIMA','LIMA','MIRAFLORES',140115,'LIMA','LIMA','MIRAFLORES','AV.DE LA AVIACION 329 STA.CRUZ',0,' ',' ',' ',2020,110,163652,2,2,'PRIMER VICEPRESIDENTE DE LA REPÚBLICA',1264,'JUNTOS POR EL PERU','PARTIDOS POLITICOS','CONFIRMADO',2,'ACTIVO (U)',90710,1,'EG.2021004307','INSCRITO','','','','',22845,'INSCRITO',0,'LIMA CENTRO 1',2,1,1536,'',0,'https://declara.jne.gob.pe/Assets/Fotos-HojaVida/136416.jpg'),(136484,9396443,'','LUIS ALBERTO','OTAROLA','PEÑARANDA','M','13/02/1967','PERÚ',20101,'ANCASH','HUARAZ','HUARAZ',140130,'LIMA','LIMA','SANTIAGO DE SURCO','CALLE VILLA CARRILLO 213 URB. RESID. HIGUERETA',140100,' ',' ','LIMA',2020,110,164090,3,3,'SEGUNDO VICEPRESIDENTE DE LA REPÚBLICA',179,'PARTIDO NACIONALISTA PERUANO','PARTIDOS POLITICOS','CONFIRMADO',2,'ACTIVO (U)',91149,1,'EG.2021004738','INSCRITO','','','','',22515,'INSCRITO',0,'LIMA CENTRO 1',1,2,1536,'',0,'https://declara.jne.gob.pe/Assets/Fotos-HojaVida/136484.jpg'),(136528,16606653,'','LUZMILA YALU','AYAY','CASAS','F','13/08/1956','PERÚ',130114,'LAMBAYEQUE','CHICLAYO','SAÑA',240101,'CALLAO','CALLAO','CALLAO','PS 62 B13-17 ASENT.H.BOCANEGRA ZONA 1',240000,' ',' ','CALLAO',2020,110,163653,3,3,'SEGUNDO VICEPRESIDENTE DE LA REPÚBLICA',1264,'JUNTOS POR EL PERU','PARTIDOS POLITICOS','CONFIRMADO',2,'ACTIVO (U)',90710,1,'EG.2021004307','INSCRITO','','','','',22845,'INSCRITO',0,'LIMA CENTRO 1',2,1,1536,'',0,'https://declara.jne.gob.pe/Assets/Fotos-HojaVida/136528.jpg'),(136564,41735976,'','HEBER','TURPO','PINEDA','M','10/11/1981','PERÚ',40213,'AREQUIPA','CAYLLOMA','MADRIGAL',50301,'AYACUCHO','HUANTA','HUANTA','JR. SAENZ PEÑA 140',50000,' ',' ','AYACUCHO',2020,110,163829,3,4,'CONGRESISTA DE LA REPÚBLICA',2840,'PARTIDO MORADO','PARTIDOS POLITICOS','CONFIRMADO',2,'ACTIVO (U)',90701,1,'EG.2021004299','IMPROCEDENTE','','','','',22865,'INSCRITO',0,'LIMA CENTRO 1',1,2,1536,'',0,'https://declara.jne.gob.pe/Assets/Fotos-HojaVida/135691.jpg'),(136570,9302945,'','JAVIER FELIPE','ESPINOZA','AYAIPOMA','M','10/01/1969','PERÚ',190701,'PIURA','TALARA','PARIÑAS',140140,'LIMA','LIMA','SAN BORJA','GALEON 270 CHACARILLA',140100,' ',' ','LIMA',2020,110,163213,3,3,'SEGUNDO VICEPRESIDENTE DE LA REPÚBLICA',2191,'DEMOCRACIA DIRECTA','PARTIDOS POLITICOS','CONFIRMADO',2,'ACTIVO (U)',90689,1,'EG.2021004287','INSCRITO','','','','',22751,'INSCRITO',0,'LIMA CENTRO 1',1,2,1536,'',0,'https://declara.jne.gob.pe/Assets/Fotos-HojaVida/136570.jpg'),(136626,17903382,'','CESAR','ACUÑA','PERALTA','M','11/08/1952','PERÚ',60615,'CAJAMARCA','CHOTA','TACABAMBA',140124,'LIMA','LIMA','SAN ISIDRO','CALLE BELEN 105-109-113 DPTO. 1602 URB. SANTA TERESITA',0,' ',' ',' ',2020,110,164907,1,1,'PRESIDENTE DE LA REPÚBLICA',1257,'ALIANZA PARA EL PROGRESO','PARTIDOS POLITICOS','CONFIRMADO',2,'ACTIVO (U)',90885,1,'EG.2021004475','INSCRITO','','','','',23040,'INSCRITO',0,'LIMA CENTRO 1',1,2,1536,'',0,'https://declara.jne.gob.pe/Assets/Fotos-HojaVida/136626.jpg'),(136938,8195083,'','OSCAR ANDRES','REGGIARDO','SAYAN','M','11/05/1941','PERÚ',140101,'LIMA','LIMA','LIMA',140140,'LIMA','LIMA','SAN BORJA','BRONSINO 100',0,' ',' ',' ',2020,110,164509,3,3,'SEGUNDO VICEPRESIDENTE DE LA REPÚBLICA',55,'PERU PATRIA SEGURA','PARTIDOS POLITICOS','CONFIRMADO',2,'ACTIVO (U)',90867,1,'EG.2021004457','INSCRITO','','','','',22988,'INSCRITO',0,'LIMA CENTRO 1',1,2,1536,'',0,'https://declara.jne.gob.pe/Assets/Fotos-HojaVida/136938.jpg'),(136953,8274605,'','RAFAEL GASTON TADEO MILAGROS','SANTOS','NORMAND','M','14/08/1968','PERÚ',140115,'LIMA','LIMA','MIRAFLORES',140124,'LIMA','LIMA','SAN ISIDRO','CALLE TENIENTE ALBERTO CHABRIER 157 DPTO. SS-02 URB. SANTA MONICA',0,' ',' ',' ',2020,110,164507,1,1,'PRESIDENTE DE LA REPÚBLICA',55,'PERU PATRIA SEGURA','PARTIDOS POLITICOS','CONFIRMADO',2,'ACTIVO (U)',90867,1,'EG.2021004457','INSCRITO','','','','',22988,'INSCRITO',0,'LIMA CENTRO 1',1,2,1536,'',0,'https://declara.jne.gob.pe/Assets/Fotos-HojaVida/136953.jpg'),(137542,41265978,'','GEORGE PATRICK','FORSYTH','SOMMER','M','20/06/1982','VENEZUELA',203500,'','','',140109,'LIMA','LIMA','LA VICTORIA','AV. MANCO CAPAC 1224',0,' ',' ',' ',2020,110,164983,1,1,'PRESIDENTE DE LA REPÚBLICA',21,'VICTORIA NACIONAL','PARTIDOS POLITICOS','CONFIRMADO',2,'ACTIVO (U)',90977,1,'EG.2021004567','TACHA EN TRAMITE','','','','',23058,'TACHA EN TRAMITE',0,'LIMA CENTRO 1',1,2,1536,'',0,'https://declara.jne.gob.pe/Assets/Fotos-HojaVida/137542.jpg'),(137757,10286501,'','ANA MARIA DEL MILAGRO','SALINAS','MEDINA','F','24/11/1954','PERÚ',200701,'PUNO','MELGAR','AYAVIRI',140117,'LIMA','LIMA','PUEBLO LIBRE','PARQUE ORQUIDEAS 110',0,' ',' ',' ',2020,110,164089,2,2,'PRIMER VICEPRESIDENTE DE LA REPÚBLICA',179,'PARTIDO NACIONALISTA PERUANO','PARTIDOS POLITICOS','CONFIRMADO',2,'ACTIVO (U)',91149,1,'EG.2021004738','INSCRITO','','','','',22515,'INSCRITO',0,'LIMA CENTRO 1',1,2,1536,'',0,'https://declara.jne.gob.pe/Assets/Fotos-HojaVida/137757.jpg'),(137760,44123390,'','OLLANTA MOISES','HUMALA','TASSO','M','27/06/1962','PERÚ',140101,'LIMA','LIMA','LIMA',140130,'LIMA','LIMA','SANTIAGO DE SURCO','CALLE FERNANDO CASTRAT 177-195 URB.CHAMA',0,' ',' ',' ',2020,110,164088,1,1,'PRESIDENTE DE LA REPÚBLICA',179,'PARTIDO NACIONALISTA PERUANO','PARTIDOS POLITICOS','CONFIRMADO',2,'ACTIVO (U)',91149,1,'EG.2021004738','INSCRITO','','','','',22515,'INSCRITO',0,'LIMA CENTRO 1',1,2,1536,'',0,'https://declara.jne.gob.pe/Assets/Fotos-HojaVida/137760.jpg'),(137777,19924629,'','NIDIA RUTH','VILCHEZ','YUCRA','F','12/05/1964','PERÚ',110101,'JUNIN','HUANCAYO','HUANCAYO',140130,'LIMA','LIMA','SANTIAGO DE SURCO','JR. JACARANDA 920 DPTO 102 VALLE HERMOSO',0,' ',' ',' ',2020,110,165284,1,1,'PRESIDENTE DE LA REPÚBLICA',32,'PARTIDO APRISTA PERUANO','PARTIDOS POLITICOS','CONFIRMADO',2,'ACTIVO (U)',91156,1,'EG.2021004745','INSCRITO','','','','',23104,'INSCRITO',0,'LIMA CENTRO 1',2,1,1536,'',0,'https://declara.jne.gob.pe/Assets/Fotos-HojaVida/137777.jpg'),(137792,27427864,'','JOSE PEDRO','CASTILLO','TERRONES','M','19/10/1969','PERÚ',60615,'CAJAMARCA','CHOTA','TACABAMBA',60615,'CAJAMARCA','CHOTA','TACABAMBA','CASERIO PUÑA',0,' ',' ',' ',2020,110,165578,1,1,'PRESIDENTE DE LA REPÚBLICA',2218,'PARTIDO POLITICO NACIONAL PERU LIBRE','PARTIDOS POLITICOS','CONFIRMADO',2,'ACTIVO (U)',91158,1,'EG.2021004747','INSCRITO','','','','',23155,'INSCRITO',0,'LIMA CENTRO 1',1,2,1536,'',0,'https://declara.jne.gob.pe/Assets/Fotos-HojaVida/137792.jpg'),(137806,9150740,'','JORGE FERNANDO','CHAVEZ','ALVAREZ','M','16/01/1955','PERÚ',140101,'LIMA','LIMA','LIMA',140125,'LIMA','LIMA','BARRANCO','MALECON DE SOUZA 585 DPTO. 502',140100,' ',' ','LIMA',2020,110,164985,3,3,'SEGUNDO VICEPRESIDENTE DE LA REPÚBLICA',21,'VICTORIA NACIONAL','PARTIDOS POLITICOS','CONFIRMADO',2,'ACTIVO (U)',90977,1,'EG.2021004567','TACHA EN TRAMITE','','','','',23058,'TACHA EN TRAMITE',0,'LIMA CENTRO 1',1,2,1536,'',0,'https://declara.jne.gob.pe/Assets/Fotos-HojaVida/137806.jpg'),(137840,29689486,'','MILCA','LOZANO','MARIÑO','F','20/10/1970','PERÚ',150301,'LORETO','LORETO','NAUTA',10701,'AMAZONAS','UTCUBAMBA','BAGUA GRANDE','JR. SANTA ROSA 345',0,' ',' ',' ',2020,110,165608,3,5,'REPRESENTANTE ANTE EL PARLAMENTO ANDINO',2218,'PARTIDO POLITICO NACIONAL PERU LIBRE','PARTIDOS POLITICOS','CONFIRMADO',2,'ACTIVO (U)',91158,1,'EG.2021004747','IMPROCEDENTE','','','','',23155,'INSCRITO',0,'LIMA CENTRO 1',1,2,1536,'',0,'https://declara.jne.gob.pe/Assets/Fotos-HojaVida/137769.jpg'),(137888,9145157,'','HILDEBRANDO IVAN','HIDALGO','ROMERO','M','19/05/1963','PERÚ',140101,'LIMA','LIMA','LIMA',140130,'LIMA','LIMA','SANTIAGO DE SURCO','CAL 4 MZ N LT 37 RESIDENCIAL MONTERRICO SUR',0,' ',' ',' ',2020,110,165285,2,2,'PRIMER VICEPRESIDENTE DE LA REPÚBLICA',32,'PARTIDO APRISTA PERUANO','PARTIDOS POLITICOS','CONFIRMADO',2,'ACTIVO (U)',91156,1,'EG.2021004745','INSCRITO','','','','',23104,'INSCRITO',0,'LIMA CENTRO 1',2,1,1536,'',0,'https://declara.jne.gob.pe/Assets/Fotos-HojaVida/137888.jpg'),(137907,18126499,'','OLGA AMELIA','CRIBILLEROS','SHIGIHARA','F','18/06/1967','PERÚ',120107,'LA LIBERTAD','TRUJILLO','VICTOR LARCO HERRERA',120107,'LA LIBERTAD','TRUJILLO','VICTOR LARCO HERRERA','CALLE CALLAO 245 BUENOS AIRES',120000,' ',' ','LA LIBERTAD',2020,110,165286,3,3,'SEGUNDO VICEPRESIDENTE DE LA REPÚBLICA',32,'PARTIDO APRISTA PERUANO','PARTIDOS POLITICOS','CONFIRMADO',2,'ACTIVO (U)',91156,1,'EG.2021004745','INSCRITO','','','','',23104,'INSCRITO',0,'LIMA CENTRO 1',2,1,1536,'',0,'https://declara.jne.gob.pe/Assets/Fotos-HojaVida/137907.jpg'),(137910,41254514,'','SILVIA KARIN','RIOJAS','RIVERA','F','15/02/1982','PERÚ',130101,'LAMBAYEQUE','CHICLAYO','CHICLAYO',240106,'CALLAO','CALLAO','VENTANILLA','ASENT.H. HEROES DEL CENEPA MZ.L LT.17 PACHACUTEC',0,' ',' ',' ',2020,110,165394,3,5,'REPRESENTANTE ANTE EL PARLAMENTO ANDINO',2731,'PODEMOS PERU','PARTIDOS POLITICOS','CONFIRMADO',2,'ACTIVO (U)',91077,1,'EG.2021004666','TACHADO','','','','',22538,'TACHADO',0,'LIMA CENTRO 1',1,2,1536,'',0,'https://declara.jne.gob.pe/Assets/Fotos-HojaVida/136188.jpg'),(138023,47404966,'','ANA MARIA','DELGADO','BAUTISTA','F','05/09/1991','PERÚ',240102,'CALLAO','CALLAO','BELLAVISTA',240101,'CALLAO','CALLAO','CALLAO','AV. LIBERTAD ASENT.H. UNION PROGRESO MZ. F1 LT. 01',140100,' ',' ','LIMA',2020,110,165907,3,4,'CONGRESISTA DE LA REPÚBLICA',2857,'PARTIDO FRENTE DE LA ESPERANZA 2021','PARTIDOS POLITICOS','CONFIRMADO',2,'ACTIVO (U)',91071,1,'EG.2021004660','IMPROCEDENTE','','','','',22796,'IMPROCEDENTE',0,'LIMA CENTRO 1',1,2,1536,'',0,'https://declara.jne.gob.pe/Assets/Fotos-HojaVida/137283.jpg');
/*!40000 ALTER TABLE `candidato` ENABLE KEYS */;
UNLOCK TABLES;

--
-- Table structure for table `educacion`
--

DROP TABLE IF EXISTS `educacion`;
/*!40101 SET @saved_cs_client     = @@character_set_client */;
/*!40101 SET character_set_client = utf8 */;
CREATE TABLE `educacion` (
  `hoja_vida_id` mediumint(9) DEFAULT NULL,
  `tipo` varchar(17) DEFAULT NULL,
  `concluyo` tinyint(4) DEFAULT NULL,
  `centro_estudio` varchar(100) DEFAULT NULL,
  `carrera` varchar(63) DEFAULT NULL
) ENGINE=InnoDB DEFAULT CHARSET=utf8mb4;
/*!40101 SET character_set_client = @saved_cs_client */;

--
-- Dumping data for table `educacion`
--

LOCK TABLES `educacion` WRITE;
/*!40000 ALTER TABLE `educacion` DISABLE KEYS */;
INSERT INTO `educacion` VALUES (133825,'BASICA',1,'',''),(133825,'BASICA_PRIMARIA',1,'',''),(133825,'BASICA_SECUNDARIA',1,'',''),(133825,'UNIVERSITARIA',1,'ESCUELA NAVAL DEL PERU','BACHILLER EN CIENCIAS MARITIMAS NAVALES'),(133825,'POSTGRADO',1,'ESCUELA NAVAL DEL PERU','MAESTRIA EN ESTRATEGIA MARITIMA'),(133837,'BASICA',1,'',''),(133837,'BASICA_PRIMARIA',1,'',''),(133837,'BASICA_SECUNDARIA',1,'',''),(133837,'UNIVERSITARIA',1,'FEDERICO VILLARREAL','BACHILLER EN DERECHO Y CIENCIAS POLÍTICAS'),(133837,'UNIVERSITARIA',1,'FEDERICO VILLARREAL','ABOGADO'),(133837,'POSTGRADO',1,'UNIVERSIDAD PRIVADA SAN MARTIN DE PORRES','NO'),(133878,'BASICA',1,'',''),(133878,'BASICA_PRIMARIA',1,'',''),(133878,'BASICA_SECUNDARIA',1,'',''),(133878,'UNIVERSITARIA',1,'BOSTON UNIVERSITY','ADMINISTRACION DE EMPRESAS'),(133878,'POSTGRADO',1,'COLUMBIA UNIVERESITY','MAESTRÍA  EN ADMINISTRACIÓN DE EMPRESAS'),(133886,'BASICA',1,'',''),(133886,'BASICA_PRIMARIA',1,'',''),(133886,'BASICA_SECUNDARIA',1,'',''),(133886,'UNIVERSITARIA',1,'UNIVERSIDAD DE SAN MARTÍN DE PORRES','ABOGADO'),(133886,'UNIVERSITARIA',1,'UNIVERSIDAD DE SAN MARTÍN DE PORRES','BACHILLER EN DERECHO'),(133901,'BASICA',1,'',''),(133901,'BASICA_PRIMARIA',1,'',''),(133901,'BASICA_SECUNDARIA',1,'',''),(133901,'UNIVERSITARIA',1,'UNIVERSIDAD PARTICULAR RICARDO PALMA','ARQUITECTA'),(134119,'BASICA',1,'',''),(134119,'BASICA_PRIMARIA',1,'',''),(134119,'BASICA_SECUNDARIA',1,'',''),(134119,'UNIVERSITARIA',1,'UNIVERSIDAD NACIONAL MAYOR DE SAN MARCOS','ABOGADO'),(134119,'POSTGRADO',1,'UNIVERSIDAD NACIONAL DEL CENTRO DEL PERÚ','MAGISTER EN ANTROPOLOGIA JURIDICA'),(134120,'BASICA',0,'',''),(134120,'BASICA_PRIMARIA',0,'',''),(134120,'BASICA_SECUNDARIA',0,'',''),(134120,'NO_UNIVERSITARIA',1,'USMP INSTITUTO DE GOBIERNO CAF','LIDERAZGO PARA LA TRANSFORMACION'),(134121,'BASICA',1,'',''),(134121,'BASICA_PRIMARIA',1,'',''),(134121,'BASICA_SECUNDARIA',1,'',''),(134121,'NO_UNIVERSITARIA',0,'IPAE','ADMINISTRACIÓN DE EMPRESAS'),(134124,'BASICA',1,'',''),(134124,'BASICA_PRIMARIA',1,'',''),(134124,'BASICA_SECUNDARIA',1,'',''),(134124,'UNIVERSITARIA',1,'UNIVERSIDAD NACIONAL SAN CRISTOBAL DE HUAMANGA','PROFESIONAL DE LICENCIADA DE ENFERMERIA'),(134124,'POSTGRADO',1,'UNIVERSIDAD PRIVADA CÉSAR VALLEJO','MAGÍSTER EN GESTIÓN PÚBLICA'),(134127,'BASICA',1,'',''),(134127,'BASICA_PRIMARIA',1,'',''),(134127,'BASICA_SECUNDARIA',1,'',''),(134127,'UNIVERSITARIA',1,'UNIVERSIDAD CATÓLICA DE SANTA MARÍA','ABOGADO'),(134127,'UNIVERSITARIA',1,'UNIVERSIDAD CATÓLICA DE SANTA MARÍA','BACHILLER EN DERECHO'),(134127,'POSTGRADO',1,'UNIVERSIDAD DE CHILE','GRADO MAESTRIA'),(134133,'BASICA',1,'',''),(134133,'BASICA_PRIMARIA',1,'',''),(134133,'BASICA_SECUNDARIA',1,'',''),(134133,'UNIVERSITARIA',1,'UNIVERSIDAD INCA GARCILASO DE LA VEGA ASOCIACIÓN CIVIL','ABOGADO'),(134133,'UNIVERSITARIA',1,'UNIVERSIDAD INCA GARCILASO DE LA VEGA ASOCIACIÓN CIVIL','BACHILLER EN DERECHO'),(134133,'POSTGRADO',0,'UNIVERSIDAD NACIONAL JOSE FAUSTINO SANCHEZ CARRION','DERECHO CONSTITUCIONAL ADMINISTRATIVO'),(134372,'BASICA',1,'',''),(134372,'BASICA_PRIMARIA',1,'',''),(134372,'BASICA_SECUNDARIA',1,'',''),(134372,'NO_UNIVERSITARIA',1,'CENECAPE EL PORVENIR','MECANOFRAFIA'),(134372,'UNIVERSITARIA',1,'UNIVERSIDAD NACIONAL DE SAN ANTONIO ABAD DEL CUSCO','LICENCIADO EN ENFERMERIA'),(134372,'UNIVERSITARIA',1,'UNIVERSIDAD NACIONAL DE SAN ANTONIO ABAD DEL CUSCO','BACHILLER EN ENFERMERIA'),(134372,'POSTGRADO',1,'UNIVERSIDAD NACIONAL DE SAN ANTONIO ABAD DEL CUSCO','MAESTRO EN SALUD PÚBLICA MENCION GERENCIA EN SERVICIOS DE SALUD'),(134377,'BASICA',1,'',''),(134377,'BASICA_PRIMARIA',1,'',''),(134377,'BASICA_SECUNDARIA',1,'',''),(134377,'NO_UNIVERSITARIA',0,'',''),(134377,'UNIVERSITARIA',1,'UNIVERSIDAD DE SAN MARTÍN DE PORRES','BACHILLER EN DERECHO Y CIENCIA POLITICA'),(134377,'POSTGRADO',0,'UNIR- UNIVERSIDAD DE RIOJA','MAESTRIA  EN COMUNICACION  Y MARKETING POLITICO'),(134382,'BASICA',1,'',''),(134382,'BASICA_PRIMARIA',1,'',''),(134382,'BASICA_SECUNDARIA',1,'',''),(134382,'UNIVERSITARIA',1,'UNIVERSIDAD PRIVADA CÉSAR VALLEJO','ARQUITECTO'),(134382,'UNIVERSITARIA',1,'UNIVERSIDAD PRIVADA CÉSAR VALLEJO','BACHILLER EN ARQUITECTURA'),(134453,'BASICA',1,'',''),(134453,'BASICA_PRIMARIA',1,'',''),(134453,'BASICA_SECUNDARIA',1,'',''),(134453,'UNIVERSITARIA',1,'UNIVERSIDAD PARTICULAR DE CHICLAYO','MEDICO CIRUJANO'),(134453,'UNIVERSITARIA',1,'UNIVERSIDAD PARTICULAR DE CHICLAYO','BACHILLER EN MEDICINA'),(134453,'UNIVERSITARIA',1,'UNIVERSIDAD INCA GARCILASO DE LA VEGA ASOCIACIÓN CIVIL','BACHILLER EN CIENCIAS FARMACEUTICAS Y BIOQUIMICA'),(134453,'UNIVERSITARIA',1,'UNIVERSIDAD INCA GARCILASO DE LA VEGA ASOCIACIÓN CIVIL','QUIMICO FARMACEUTICO Y BIOQUIMICO'),(134453,'POSTGRADO',0,'UNIVERSIDAD SEÑOR DE SIPAN','MAESTRIA'),(134807,'BASICA',1,'',''),(134807,'BASICA_PRIMARIA',1,'',''),(134807,'BASICA_SECUNDARIA',1,'',''),(134807,'NO_UNIVERSITARIA',0,'',''),(134807,'UNIVERSITARIA',1,'UNIVERSIDAD NACIONAL DE SAN AGUSTÍN DE AREQUIPA','ENFERMERA'),(134834,'BASICA',1,'',''),(134834,'BASICA_PRIMARIA',1,'',''),(134834,'BASICA_SECUNDARIA',1,'',''),(134834,'UNIVERSITARIA',0,'UNIVERSIDAD FEMENINA SAGRADO CORAZON','PSICÓLOGA'),(134910,'BASICA',1,'',''),(134910,'BASICA_PRIMARIA',1,'',''),(134910,'BASICA_SECUNDARIA',1,'',''),(134910,'NO_UNIVERSITARIA',0,'',''),(134911,'BASICA',1,'',''),(134911,'BASICA_PRIMARIA',1,'',''),(134911,'BASICA_SECUNDARIA',1,'',''),(134912,'BASICA',1,'',''),(134912,'BASICA_PRIMARIA',1,'',''),(134912,'BASICA_SECUNDARIA',1,'',''),(134912,'UNIVERSITARIA',1,'ESCUELA DE OFICIALES DE LA FUERZA AÉREA DEL PERÚ','LICENCIADO EN CIENCIAS DE LA ADMINISTRACION AEROESPACIAL'),(134912,'POSTGRADO',1,'EPG-CENTRO DE ALTOS ESTUDIOS NACIONALES-CAEN','DESARROLLO Y DEFENSA NACIONAL'),(134923,'BASICA',1,'',''),(134923,'BASICA_PRIMARIA',1,'',''),(134923,'BASICA_SECUNDARIA',1,'',''),(134923,'UNIVERSITARIA',1,'UNIVERSIDAD DE PIURA','INGENIERO INDUSTRIAL'),(134923,'POSTGRADO',1,'UNIVERSIDAD DEL PACIFICO','MAGISTER EN ADMINISTRACION'),(134937,'BASICA',1,'',''),(134937,'BASICA_PRIMARIA',1,'',''),(134937,'BASICA_SECUNDARIA',1,'',''),(134937,'NO_UNIVERSITARIA',1,'IE EXELSIOR','AUXILIAR DE ENFERMERIA'),(134943,'BASICA',1,'',''),(134943,'BASICA_PRIMARIA',1,'',''),(134943,'BASICA_SECUNDARIA',1,'',''),(134943,'UNIVERSITARIA',1,'UNIVERSITE DE GENEVE','DEMI LICENCE EN SCIENCES ECONOMIQUES'),(134943,'POSTGRADO',1,'INSTITUT UNIVERSITAIRE DES HAUTES ETUDES INTERNATIONALES','LINCENCE ECONOMIE ET DROIT INTERNATIONAL'),(134976,'BASICA',1,'',''),(134976,'BASICA_PRIMARIA',1,'',''),(134976,'BASICA_SECUNDARIA',1,'',''),(134976,'UNIVERSITARIA',1,'PONTIFICIA UNIVERSIDAD CATÓLICA DEL PERÚ','ABOGADO'),(134976,'POSTGRADO',1,'PONTIFICIA UNIVERSIDAD CATÓLICA DEL PERÚ','MAGÍSTER EN DERECHO PENAL'),(134982,'BASICA',1,'',''),(134982,'BASICA_PRIMARIA',1,'',''),(134982,'BASICA_SECUNDARIA',1,'',''),(134982,'UNIVERSITARIA',1,'UNIVERSIDAD DE LIMA','Ingeniero Industrial'),(134982,'POSTGRADO',1,'PONTIFICIA UNIVERSIDAD CATÓLICA DEL PERÚ','DOCTOR EN ADMINISTRACION ESTRATEGICA DE EMPRESAS'),(135152,'BASICA',1,'',''),(135152,'BASICA_PRIMARIA',1,'',''),(135152,'BASICA_SECUNDARIA',1,'',''),(135152,'NO_UNIVERSITARIA',1,'CENTRO DE ALTOS ESTUDIOS NACIONALES - CAEN','DIPLOMADO EN ADMINISTRACION Y GESTION PUBLICA'),(135152,'UNIVERSITARIA',1,'UNIVERSIDAD PERUANA LOS ANDES','ESPECIALISTA EN CARIELOGÍA Y ENDODONCIA'),(135152,'UNIVERSITARIA',1,'UNIVERSIDAD DE SAN MARTÍN DE PORRES','BACHILLER EN ODONTOLOGÍA'),(135152,'UNIVERSITARIA',1,'UNIVERSIDAD DE SAN MARTÍN DE PORRES','CIRUJANO DENTISTA'),(135152,'POSTGRADO',1,'UNIVERSIDAD DE SAN MARTÍN DE PORRES','DOCENCIA E INVESTIGACIÓN UNIVERSITARIA'),(135264,'BASICA',1,'',''),(135264,'BASICA_PRIMARIA',1,'',''),(135264,'BASICA_SECUNDARIA',1,'',''),(135264,'NO_UNIVERSITARIA',0,'',''),(135289,'BASICA',1,'',''),(135289,'BASICA_PRIMARIA',1,'',''),(135289,'BASICA_SECUNDARIA',1,'',''),(135289,'UNIVERSITARIA',1,'ESCUELA DE PERIODISMO JAIME BAUSATE Y MEZA','LICENCIADO EN PERIODISMO'),(135289,'UNIVERSITARIA',1,'ESCUELA DE PERIODISMO JAIME BAUSATE Y MEZA','BACHILLER EN PERIODISMO'),(135289,'POSTGRADO',1,'UNIVERSIDAD DE SAN MARTÍN DE PORRES','MAESTRO EN PERIODISMO Y COMUNICACIÓN MULTIMEDIA'),(135341,'BASICA',1,'',''),(135341,'BASICA_PRIMARIA',1,'',''),(135341,'BASICA_SECUNDARIA',1,'',''),(135341,'NO_UNIVERSITARIA',1,'UNIVERSIDAD ESAN - PEE IV 1997','ADMINISTRACION Y ORGANIZACION'),(135341,'UNIVERSITARIA',0,'PONTIFICIA UNIVERSIDAD CATOLICA DEL PERU','DERECHO Y CIENCIAS POLITICAS'),(135388,'BASICA',1,'',''),(135388,'BASICA_PRIMARIA',1,'',''),(135388,'BASICA_SECUNDARIA',1,'',''),(135388,'UNIVERSITARIA',1,'UNIVERSIDAD DE SAN MARTÍN DE PORRES','ABOGADO'),(135388,'POSTGRADO',1,'UNIVERSIDAD SAN MARTIN DE PORRES','MAESTRIA EN DERECHO REGISTRAL Y NOTARIAL'),(135595,'BASICA',1,'',''),(135595,'BASICA_PRIMARIA',1,'',''),(135595,'BASICA_SECUNDARIA',1,'',''),(135595,'UNIVERSITARIA',1,'UNIVERSIDAD NACIONAL DE CAJAMARCA','BACHILLER EN SOCIOLOGIA'),(135595,'UNIVERSITARIA',1,'MARCELINO CHAMPAGNAT','PEDAGOGIA'),(135595,'UNIVERSITARIA',1,'UNIVERSIDAD PONTIFICA GREOGORIANA DE ROMA','LICENCIATURA'),(135595,'POSTGRADO',1,'PONTIFICA UNIVERSIDAD CATOLICA DEL PERU','MAESTRIA EN SOCIOLOGIA'),(135605,'BASICA',1,'',''),(135605,'BASICA_PRIMARIA',1,'',''),(135605,'BASICA_SECUNDARIA',1,'',''),(135605,'UNIVERSITARIA',1,'DENIS DIDEROT - PARIS VII','LICENCIATURA DE PSICOLOGIA'),(135605,'POSTGRADO',1,'SORBONA NUEVA - PARIS III','MASTER INVESTIGACION SOCIEDADES CONTEMPORANEAS'),(135685,'BASICA',1,'',''),(135685,'BASICA_PRIMARIA',1,'',''),(135685,'BASICA_SECUNDARIA',1,'',''),(135685,'UNIVERSITARIA',1,'UNIVERSIDAD CATÓLICA DEL PERÚ','BACHILLER EN ECONOMIA'),(135685,'UNIVERSITARIA',1,'GEORGETOWN UNIVERSITY (EEUU)','MASTER EN POLITICA PUBLICAS'),(135685,'POSTGRADO',1,'UNIVERSITY OF MARYLAND (EEUU)','PHD, POLÍTICAS PÚBLICAS'),(135686,'BASICA',1,'',''),(135686,'BASICA_PRIMARIA',1,'',''),(135686,'BASICA_SECUNDARIA',1,'',''),(135686,'UNIVERSITARIA',1,'UNIVERSIDAD NACIONAL MAYOR DE SAN MARCOS','BACHILLER EN EDUCACION'),(135686,'UNIVERSITARIA',1,'UNIVERSIDAD NACIONAL MAYOR DE SAN MARCOS','LICENCIADA EN EDUCACIÓN'),(135686,'POSTGRADO',1,'UNIVERSIDAD NACIONAL MAYOR DE SAN MARCOS','POLÍTICA SOCIAL CON MENCIÓN EN GESTIÓN DE PROYECTOS SOCIALES'),(136156,'BASICA',1,'',''),(136156,'BASICA_PRIMARIA',1,'',''),(136156,'BASICA_SECUNDARIA',1,'',''),(136156,'UNIVERSITARIA',1,'UNIVERSIDAD NACIONAL MAYOR DE SAN MARCOS','BIOLOGO'),(136156,'POSTGRADO',1,'UNIVERSIDAD NACIONAL FEDERICO VILLAREAL','SALUD PUBLICA'),(136318,'BASICA',1,'',''),(136318,'BASICA_PRIMARIA',1,'',''),(136318,'BASICA_SECUNDARIA',1,'',''),(136318,'UNIVERSITARIA',1,'PONTIFICIA UNIVERSIDAD CATOLICA DEL PERU','BACHILLER EN HUMANIDADES CON MENCION EN LIGUISTICA Y LITERATURA'),(136318,'POSTGRADO',1,'PONTIFICIA UNIVERSIDAD CATOLICA DEL PERU','MAGISTER EN COMUNICACIONES'),(136358,'BASICA',1,'',''),(136358,'BASICA_PRIMARIA',1,'',''),(136358,'BASICA_SECUNDARIA',1,'',''),(136358,'NO_UNIVERSITARIA',0,'',''),(136358,'UNIVERSITARIA',1,'UNIVERSIDAD NACIONAL FEDERICO VILLARREAL','LICENCIADA EN EDUCACIÓN SECUNDARIA'),(136358,'POSTGRADO',1,'INSTITUTO PEDAGOGICO LATINOAMERICANO Y CARIBEÑO - IPLAC Y UNIVERSIDAD  DE POSTGRAD DE LA HABANA CUBA','MAESTRIA CON MENCIÓN EN DIRECCIÓN CIENTIFICA EN EDUCACIÓN'),(136416,'BASICA',1,'',''),(136416,'BASICA_PRIMARIA',1,'',''),(136416,'BASICA_SECUNDARIA',1,'',''),(136416,'UNIVERSITARIA',1,'UNIVERSIDAD SORBONNE NOUVELLE PARIS III','MASTER'),(136416,'POSTGRADO',1,'UNIVERSIDAD DE LA SOBORNNE NOUVELLE PARIS III','DOCTOR'),(136484,'BASICA',1,'',''),(136484,'BASICA_PRIMARIA',1,'',''),(136484,'BASICA_SECUNDARIA',1,'',''),(136484,'UNIVERSITARIA',1,'UNIVERSIDAD DE SAN MARTIN DE PORRES','ABOGADO'),(136484,'POSTGRADO',1,'PONTIFICIA UNIVERSIDAD CATOLICA DEL PERU','CIENCIA POLITICA Y GOBIERNO'),(136528,'BASICA',1,'',''),(136528,'BASICA_PRIMARIA',1,'',''),(136528,'BASICA_SECUNDARIA',1,'',''),(136528,'UNIVERSITARIA',1,'UNIVERSIDAD SEÑOR DE SIPÁN','BACHILLER EN DERECHO'),(136564,'BASICA',1,'',''),(136564,'BASICA_PRIMARIA',1,'',''),(136564,'BASICA_SECUNDARIA',1,'',''),(136564,'UNIVERSITARIA',1,'UNIVERSIDAD PERUANA DE CIENCIAS E INFORMÁTICA','BACHILLER EN ADMINISTRACION Y NEGOCIOS INTERNACIONALES'),(136570,'BASICA',1,'',''),(136570,'BASICA_PRIMARIA',1,'',''),(136570,'BASICA_SECUNDARIA',1,'',''),(136570,'UNIVERSITARIA',1,'PONTIFICIA UNIVERSIDAD CATÓLICA DEL PERÚ','BACHILLER EN CIENCIAS INGENIERIA CIVIL'),(136570,'UNIVERSITARIA',1,'PONTIFICIA UNIVERSIDAD CATÓLICA DEL PERÚ','BACHILLER EN CIENCIAS CON MENCION EN INGENIERIA CIVIL'),(136570,'UNIVERSITARIA',1,'PONTIFICIA UNIVERSIDAD CATÓLICA DEL PERÚ','INGENIERO CIVIL'),(136626,'BASICA',1,'',''),(136626,'BASICA_PRIMARIA',1,'',''),(136626,'BASICA_SECUNDARIA',1,'',''),(136626,'UNIVERSITARIA',1,'UNIVERSIDAD NACIONAL DE TRUJILLO','INGENIERO QUIMICO'),(136626,'UNIVERSITARIA',1,'UNIVERSIDAD NACIONAL DE TRUJILLO','BACHILLER EN INGENIERIA QUIMICA'),(136626,'POSTGRADO',1,'UNIVERSIDAD COMPLUTENSE DE MADRID','TÍTULO DE DOCTOR POR LA UNIVERSIDAD COMPLUTENSE DE MADRID'),(136938,'BASICA',1,'',''),(136938,'BASICA_PRIMARIA',1,'',''),(136938,'BASICA_SECUNDARIA',1,'',''),(136938,'UNIVERSITARIA',1,'UNIVERSIDAD AGRARIA DE LA MOLINA','INGENIERO ZOOTECNISTA'),(136953,'BASICA',1,'',''),(136953,'BASICA_PRIMARIA',1,'',''),(136953,'BASICA_SECUNDARIA',1,'',''),(136953,'UNIVERSITARIA',0,'UNIVERSIDAD INCA GARCILAZO DE LA VEGA','CIENCIAS ADMINISTRATIVAS'),(137542,'BASICA',1,'',''),(137542,'BASICA_PRIMARIA',1,'',''),(137542,'BASICA_SECUNDARIA',1,'',''),(137542,'UNIVERSITARIA',0,'UNIVERSIDAD PERUANA DE CIENCIAS APLICADAS','ADMINISTRACION Y NEGOCIOS'),(137757,'BASICA',1,'',''),(137757,'BASICA_PRIMARIA',1,'',''),(137757,'BASICA_SECUNDARIA',1,'',''),(137757,'UNIVERSITARIA',1,'UNIVERSIDAD NACIONAL SAN AGUSTIN DE AREQUIPA','MEDICO CIRUJANO'),(137757,'POSTGRADO',1,'UNIVERSIDAD PERUANA CAYETANO HEREDIA','MAESTRIA DE MEDICINA FAMILIAR Y ATENCION PRIMARIA'),(137760,'BASICA',1,'',''),(137760,'BASICA_PRIMARIA',1,'',''),(137760,'BASICA_SECUNDARIA',1,'',''),(137760,'UNIVERSITARIA',1,'ESCUELA MILITAR DE CHORRILLOS','OFICIAL DEL EJERCITO'),(137760,'POSTGRADO',1,'PONTIFICIA UNIVERSIDAD CATOLICA DEL PERU','-'),(137777,'BASICA',1,'',''),(137777,'BASICA_PRIMARIA',1,'',''),(137777,'BASICA_SECUNDARIA',1,'',''),(137777,'UNIVERSITARIA',1,'UNIVERSIDAD NACIONAL FEDERICO VILLARREAL','CONTADOR PUBLICO'),(137777,'UNIVERSITARIA',1,'UNIVERSIDAD NACIONAL FEDERICO VILLARREAL','BACHILLER EN CONTABILIDAD'),(137777,'POSTGRADO',1,'UNIVERSIDAD NACIONAL FEDERICO VILLARREAL','DOCTOR EN ADMINISTRACION'),(137792,'BASICA',1,'',''),(137792,'BASICA_PRIMARIA',1,'',''),(137792,'BASICA_SECUNDARIA',1,'',''),(137792,'NO_UNIVERSITARIA',1,'IESPP OCTAVIO MATA CONTRERAS DE CUTERVO','PROFESOR DE EDUCACIÓN PRIMARIA'),(137792,'UNIVERSITARIA',1,'UNIVERSIDAD PRIVADA CÉSAR VALLEJO','BACHILLER EN EDUCACION'),(137792,'POSTGRADO',1,'UNIVERSIDAD PRIVADA CÉSAR VALLEJO','MAGISTER EN PSICOLOGIA EDUCATIVA'),(137806,'BASICA',1,'',''),(137806,'BASICA_PRIMARIA',1,'',''),(137806,'BASICA_SECUNDARIA',1,'',''),(137806,'UNIVERSITARIA',1,'UNIVERSIDAD DE LIMA','Bachiller en Economía'),(137806,'POSTGRADO',1,'WORLD BANK DEVELOPMENT INSTITUTE','POST GRADO DE ANALISIS POLITICAS PUBLICAS'),(137840,'BASICA',1,'',''),(137840,'BASICA_PRIMARIA',1,'',''),(137840,'BASICA_SECUNDARIA',1,'',''),(137840,'NO_UNIVERSITARIA',0,'',''),(137888,'BASICA',1,'',''),(137888,'BASICA_PRIMARIA',1,'',''),(137888,'BASICA_SECUNDARIA',1,'',''),(137888,'NO_UNIVERSITARIA',0,'',''),(137888,'UNIVERSITARIA',1,'UNIVERSIDAD CIENTÍFICA DEL SUR S.A.C.','INGENIERO ECONOMISTA'),(137888,'UNIVERSITARIA',1,'UNIVERSIDAD CIENTIFICA DEL SUR SAC','BACHILLER EN INGENIERIA ECONOMICA'),(137888,'POSTGRADO',1,'UNIVERSIDAD DE SAN MARTÍN DE PORRES','MAESTRO EN GOBIERNO Y GESTION PUBLICA - REVALIDA'),(137907,'BASICA',1,'',''),(137907,'BASICA_PRIMARIA',1,'',''),(137907,'BASICA_SECUNDARIA',1,'',''),(137907,'NO_UNIVERSITARIA',1,'INSTITUTO PEDAGOGICO INDOAMERICA','PROFESORA EDUCACION PRIMARIA'),(137907,'UNIVERSITARIA',1,'UNIVERSIDAD NACIONAL DE TRUJILLO','BACHILLER EN CIENCIAS DE LA COMUNICACION'),(137907,'UNIVERSITARIA',1,'UNIVERSIDAD NACIONAL DE TRUJILLO','LICENCIADA EN EDUCACION PRIMARIA'),(137907,'POSTGRADO',1,'UNIVERSIDAD PRIVADA CÉSAR VALLEJO','MAGISTER EN EDUCACION'),(137910,'BASICA',1,'',''),(137910,'BASICA_PRIMARIA',1,'',''),(137910,'BASICA_SECUNDARIA',1,'',''),(138023,'BASICA',1,'',''),(138023,'BASICA_PRIMARIA',1,'',''),(138023,'BASICA_SECUNDARIA',1,'','');
/*!40000 ALTER TABLE `educacion` ENABLE KEYS */;
UNLOCK TABLES;

--
-- Table structure for table `experiencia`
--

DROP TABLE IF EXISTS `experiencia`;
/*!40101 SET @saved_cs_client     = @@character_set_client */;
/*!40101 SET character_set_client = utf8 */;
CREATE TABLE `experiencia` (
  `hoja_vida_id` mediumint(9) DEFAULT NULL,
  `tipo` varchar(16) DEFAULT NULL,
  `centro_trabajo_org_politica` varchar(78) DEFAULT NULL,
  `ocupacion_profesion_cargo` varchar(100) DEFAULT NULL,
  `anio_desde` smallint(6) DEFAULT NULL,
  `anio_hasta` smallint(6) DEFAULT NULL,
  `hasta_actualidad` tinyint(4) DEFAULT NULL
) ENGINE=InnoDB DEFAULT CHARSET=utf8mb4;
/*!40101 SET character_set_client = @saved_cs_client */;

--
-- Dumping data for table `experiencia`
--

LOCK TABLES `experiencia` WRITE;
/*!40000 ALTER TABLE `experiencia` DISABLE KEYS */;
INSERT INTO `experiencia` VALUES (133825,'LABORAL','MARINA DE GUERRA DEL PERU','VICEALMIRANTE',1967,2007,0),(133837,'LABORAL','EJERCICIO INDEPENDIENTE','ABOGADA',2020,0,0),(133837,'LABORAL','MUNICIPALIDAD DISTRITAL DE MIRAFLORES','SECRETARIA GENERAL',2019,2019,0),(133837,'LABORAL','MUNICIPALIDAD METROPOLITANA DE LIMA','REGIDORA METROPOLITANA/TENIENTE ALCALDE',2015,2018,0),(133837,'LABORAL','CONGRESO DE LA REPUBLICA','ASESORA',2013,2015,0),(133837,'LABORAL','MUNICIPALIDAD DISTRITAL DE BARRANCO','SECRETARIA GENERAL',2011,2013,0),(133837,'CARGO_ELECCIONES','SOLIDARIDAD NACIONAL','REGIDOR PROVINCIAL',2015,2018,0),(133837,'CARGO_PARTIDARIO','ALIANZA ELECTORAL SOLIDARIDAD NACIONAL - UPP','1er Vocal',2015,2016,0),(133837,'CARGO_PARTIDARIO','ALIANZA SOLIDARIDAD NACIONAL','Miembros del Plenario Electoral',2010,2011,0),(133878,'LABORAL','PARTIDO  POLÍTICO FUERZA POPULAR','PRESIDENTA',2013,0,0),(133878,'LABORAL','OPORTUNIDADES INSTITUTO PARA EL DESARROLLO','PRESIDENTA',2011,2013,0),(133878,'LABORAL','CONGRESO DE LA REPUBLICA','CONGRESISTA DE LA REPUBLICA',2006,2011,0),(133878,'CARGO_ELECCIONES','ALIANZA POR EL FUTURO','CONGRESISTA DE LA REPÚBLICA',2006,2011,0),(133878,'CARGO_PARTIDARIO','FUERZA POPULAR','Fundador',2009,0,0),(133878,'CARGO_PARTIDARIO','FUERZA POPULAR','Presidenta',2020,0,0),(133886,'LABORAL','INMOBILIARIA SEOS S.A.','ABOGADO',1995,0,0),(133886,'CARGO_PARTIDARIO','ACCION POPULAR','Representante Legal',2004,2007,0),(133886,'CARGO_PARTIDARIO','ACCION POPULAR','Secretario General Nacional',2004,2007,0),(133901,'LABORAL','INVERSIONES AZGAD SAC','ARQUITECTA',2020,0,0),(133901,'LABORAL','MUNICIPALIDAD DISTRITAL DE MAGDALENA DEL MAR','GERENTE DE DESARROLLO URBANO Y OBRAS',2019,2020,0),(133901,'LABORAL','MINISTERIO DE VIVIENDA CONSTRUCCION Y SANEAMIENTO','DIRECTORA GENERAL DE PROGRAMAS Y PROYECTOS EN VIVIENDA Y URBANISMO',2015,2017,0),(133901,'LABORAL','MINISTERIO DE VIVIENDA CONSTRUCCION Y SANEAMIENTO','ASESOR DEL AREA DE VIVIENDA Y URBANISMO - VICEMINISTERIO DE VIVIENDA Y URBANISMO',2012,2014,0),(133901,'LABORAL','MUNICIPALIDAD DISTRITAL DE LA VICTORIA','GERENTE MUNICIPAL',2009,2012,0),(134119,'LABORAL','NOTARIA DE HUANCAYO \"CIRO GALVEZ\"','NOTARIO',1985,2020,0),(134119,'CARGO_PARTIDARIO','RENACIMIENTO UNIDO NACIONAL','Presidente',2020,0,0),(134119,'CARGO_PARTIDARIO','RENACIMIENTO UNIDO NACIONAL','Representante Legal',2019,0,0),(134120,'LABORAL','EMPRESA SAMER\'S.G E.I.R.L','GERENTE GENERAL TITULAR DE LA EMPRESA SAMERS.G E.I.R.L.',1995,2015,0),(134120,'LABORAL','LA VICTORIA LIMA','APOYO PATRONISTA Y DISEÑO DE MODA',2015,2020,0),(134121,'LABORAL','COORPORACION ZOLLA S.A.C','PRESIDENTE DEL DIRECTORIO',2016,0,0),(134121,'LABORAL','INVERSIONES CPC S.A.C.','SOCIO DIRECTOR',2010,2015,0),(134121,'CARGO_PARTIDARIO','MOVIMIENTO REGIONAL O DEPARTAMENTAL RENACIMIENTO UNIDO NACIONAL','MILITANTE',2020,0,0),(134124,'LABORAL','UNIVERSIDAD NACIONAL DE SAN CRISTOBAL DE HUAMANGA','DOCENTE UNIVERSITARIO',2018,2020,0),(134127,'LABORAL','CONGRESO DE LA REPUBLICA','ASESOR PRINCIPAL',2020,2020,0),(134127,'LABORAL','UNIVERSIDAD NACIONAL DEL ALTIPLANO','PROFESOR PRINCIPAL',2019,0,0),(134127,'CARGO_ELECCIONES','ACCION POPULAR','CONGRESISTA DE LA REPÚBLICA',2001,2006,0),(134127,'CARGO_ELECCIONES','FRENTE DE CENTRO','CONGRESISTA DE LA REPÚBLICA',2006,2011,0),(134127,'CARGO_PARTIDARIO','ACCION POPULAR','Adherente Fundacional',2004,0,0),(134127,'CARGO_PARTIDARIO','ACCION POPULAR','Defensor Adjunto I',2004,2007,0),(134133,'LABORAL','EDITORA E INMOBILIARIA DT EIRL','GERENTE GENERAL',2009,0,0),(134133,'LABORAL','SMRL MANUEL ANTONIO I','GERENTE GENERAL',1996,2010,0),(134133,'CARGO_PARTIDARIO','DEMOCRACIA DIRECTA','Fundador',2011,0,0),(134133,'CARGO_PARTIDARIO','DEMOCRACIA DIRECTA','Presidente',2018,0,0),(134372,'LABORAL','CONGRESO DE LA REPUBLICA','CONGRESISTA',2020,0,0),(134372,'LABORAL','CENTRO DE SALUD CLAS SAN JERONIMO - CUSCO','LICENCIADA EN ENFERMERIA',1996,2019,0),(134372,'LABORAL','UNIVERSIDAD NACIONAL DE SAN ANTONIO ABAD DEL CUSCO','DOCENTE',2010,2019,0),(134372,'CARGO_ELECCIONES','PARTIDO DEMOCRATICO SOMOS PERU','REGIDOR DISTRITAL',2011,2014,0),(134372,'CARGO_ELECCIONES','PARTIDO POLÍTICO PARTIDO DEMOCRATICO SOMOS PERU','CONGRESISTA DE LA REPÚBLICA',2020,0,0),(134372,'CARGO_PARTIDARIO','PARTIDO POLÍTICO PARTIDO DEMOCRATICO SOMOS PERU','SECRETARIA GENERAL DISTRITAL DE SAN JERONIMO',2017,2019,0),(134377,'LABORAL','CONGRESO DE LA REPUBLICA','ASESOR',2020,0,0),(134377,'LABORAL','CONGRESO DELA REPUBLICA','CONGRESISTA DE LA REPUBLICA',2006,2020,0),(134377,'LABORAL','OFICINA ECONOMICA Y CULTURAL  DE TAIPEI','ASESORIA INDEPENDIENTE',2020,0,0),(134377,'LABORAL','T&C DESARROLLO  PROYECT SAC','ASESORIA INDEPENDIENTE',2020,0,0),(134377,'LABORAL','UNIVERSIDAD CESAR  VALLEJO / SEDE LOS OLIVOS','ASESORIA INDEPENDIENTE',2020,0,0),(134377,'CARGO_ELECCIONES','ALIANZA ELECTORAL UNIDAD NACIONAL','REGIDOR PROVINCIAL',2003,2006,0),(134377,'CARGO_ELECCIONES','UNIDAD NACIONAL','CONGRESISTA DE LA REPÚBLICA',2006,2011,0),(134377,'CARGO_PARTIDARIO','FUERZA POPULAR','Secretaría General',2020,0,0),(134377,'CARGO_PARTIDARIO','FUERZA POPULAR','Secretaría Nacional de Educación, Arte, Cultura, Innovación y Tecnología',2018,2018,0),(134382,'LABORAL','GRUPO YANASARA S.A.C.','APODERADO',2020,0,0),(134382,'LABORAL','CONGRESO DE LA REPUBLICA','CONGRESISTA',2016,2019,0),(134382,'LABORAL','COINSA SRL','GERENTE (REPRESENTANTE LEGAL)',1998,2020,0),(134382,'LABORAL','DSV CONSTRUCTORES SAC','GERENTE (REPRESENTANTE LEGAL)',2004,2011,0),(134382,'CARGO_ELECCIONES','PARTIDO APRISTA PERUANO','REGIDOR PROVINCIAL',2007,2010,0),(134382,'CARGO_ELECCIONES','FUERZA POPULAR','CONGRESISTA DE LA REPÚBLICA',2016,2021,0),(134382,'CARGO_PARTIDARIO','FUERZA POPULAR','Secretaría Nacional del Grupo Parlamentario',2018,2019,0),(134382,'CARGO_PARTIDARIO','DEMOCRACIA SEGURIDAD Y VALORES','Fundador',2014,2014,0),(134453,'LABORAL','CONGRESO DE LA REPUBLICA','CONGRESISTA',2020,0,0),(134453,'LABORAL','CENTRO MEDICO GANIMED E.I.R.L','MEDICO CIRUJANO',2013,2019,0),(134453,'CARGO_ELECCIONES','PARTIDO POLÍTICO PARTIDO DEMOCRATICO SOMOS PERU','CONGRESISTA DE LA REPÚBLICA',2020,0,0),(134807,'LABORAL','ASOCIACION VIDA FAMILIA','ASESORIA E INVESTIGACION',2012,2019,0),(134834,'LABORAL','DESPACHOS ADUANEROS ARUNTA S A','DIRECTOR GERENTE',1994,0,0),(134834,'LABORAL','ZOFRATACNA','DIRECTORA /VICEPRESIDENTE (FUI MIEMBRO DEL DIRECTORIO Y VICEPRESIDENTE HASTA NOVIEMBRE DEL AÑO 2020)',2018,2020,0),(134834,'LABORAL','CAMARA DE COMERCIO INDUSTRIA Y PRODUCCION DE TACNA','PRESIDENTE',2016,2020,0),(134834,'CARGO_ELECCIONES','MOVIMIENTO INDEPENDIENTE REGIONAL TACNA UNIDA','REGIDOR PROVINCIAL',2011,2014,0),(134910,'LABORAL','CONGRESO DE LA REPÚBLICA','CONGRESISTA',2020,0,0),(134910,'CARGO_ELECCIONES','UNION POR EL PERU','CONGRESISTA DE LA REPÚBLICA',2006,2011,0),(134910,'CARGO_ELECCIONES','PARTIDO POLÍTICO UNION POR EL PERU','CONGRESISTA DE LA REPÚBLICA',2020,0,0),(134910,'CARGO_PARTIDARIO','UNION POR EL PERU','Adherente Fundacional',2004,0,0),(134910,'CARGO_PARTIDARIO','UNION POR EL PERU','Representante Legal',2017,0,0),(134911,'LABORAL','VETERINARIA SPA UNITEDPETS SAC','GERENTA',2014,0,0),(134912,'LABORAL','CONGRESO DE LA REPUBLICA DEL PERU','ASESOR I',2020,0,0),(134912,'LABORAL','MINISTERIO DE DESARROLLO E INCLUSION SOCIAL','COORDINADOR MACRO REGIONAL',2018,2018,0),(134923,'LABORAL','UNIVERSIDAD NACIONAL DE INGENIERIA UNI','CATEDRATICO',2017,2020,0),(134923,'LABORAL','PERURAIL S.A.','PRESIDENTE DEL DIRECTORIO',1999,0,0),(134923,'LABORAL','PERU BELMOND HOTELS S.A.','DIRECTOR',1999,0,0),(134923,'LABORAL','FERROCARRIL TRASANDINO SA','DIRECTOR',2000,0,0),(134923,'LABORAL','CITIBANK NA LIMA','GERENTE DE BANCA CORPORATIVA Y DE DESARROLO',1985,1989,0),(134923,'CARGO_ELECCIONES','ALIANZA ELECTORAL UNIDAD NACIONAL','REGIDOR PROVINCIAL',2007,2010,0),(134923,'CARGO_PARTIDARIO','RENOVACION POPULAR','Presidente ',2020,0,0),(134923,'CARGO_PARTIDARIO','RENOVACION POPULAR','Representante Legal',2019,0,0),(134937,'LABORAL','HOSPITAL QUILLABAMBA (MINSA)','AUXILIAR DE ENFERMERIA',1989,2020,0),(134937,'CARGO_ELECCIONES','MOVIMIENTO REGIONAL ACUERDO POPULAR UNIFICADO','CONSEJERO REGIONAL',2011,2014,0),(134943,'LABORAL','INSTITUTO LIBERTAD Y DEMOCRACIA','PRESIDENTE',1980,0,0),(134976,'LABORAL','VERDE VISION PRODUCCIONES S.A.','PERIODISTA',2017,0,0),(134976,'LABORAL','PONTIFICIA UNIVERSIDAD CATOLICA DEL PERU','CATEDRATICO',2008,2019,0),(134976,'LABORAL','UNIVERSIDAD SAN MARTIN DE PORRES','CATEDRATICO',2007,0,0),(134976,'LABORAL','GOBIERNO REGIONAL CALLAO (VER IX. INFORMACION ADICIONAL)','LOCACION DE SERVICIOS',2019,2020,0),(134976,'LABORAL','CONGRESO DE LA REPUBLICA','CONGRESISTA DE LA REPUBLICA',2011,2016,0),(134976,'CARGO_ELECCIONES','ALIANZA POR EL GRAN CAMBIO','CONGRESISTA DE LA REPÚBLICA',2011,2016,0),(134976,'CARGO_PARTIDARIO','PARTIDO POPULAR CRISTIANO - PPC','Presidente',2017,0,0),(134976,'CARGO_PARTIDARIO','PARTIDO POPULAR CRISTIANO - PPC','Representante Legal',2017,0,0),(134982,'LABORAL','ELECTRO ORIENTE S.A.','PRESIDENTE DIRECTORIO (RENUNCIE MEDIANTE CARTA DE FECHA  10.02.2020 Y RECEPCIONADA EL 11.02.2020)',2018,2020,0),(134982,'LABORAL','MINISTERIO DE AGRICULTURA','VICE MINISTRO',2017,2018,0),(134982,'LABORAL','PONTIFICIA UNIVERSIDAD CATOLICA DEL PERU','PROFESOR PUCP',2011,0,0),(134982,'LABORAL','UNIVERSIDAD SAN IGNACIO DE LOYOLA','PROFESOR',2017,2020,0),(134982,'LABORAL','ANITA FOOD S.A.','PRESIDENTE DIRECTORIO',2001,2016,0),(134982,'CARGO_ELECCIONES','PERUANOS POR EL KAMBIO','REPRESENTANTE ANTE EL PARLAMENTO ANDINO',2016,2021,0),(135152,'LABORAL','CENTRO ODONTOLOGICO ODONTOVERA EIRL','CIRUJANO DENTISTA',1997,0,0),(135152,'CARGO_ELECCIONES','PARTIDO POPULAR CRISTIANO - PPC','REGIDOR DISTRITAL',2019,2022,0),(135264,'LABORAL','ORTEGA QUISPE MAGNO','COMUNICADOR SOCIAL',2010,2011,0),(135264,'CARGO_PARTIDARIO','FRENTE REGIONAL AYACUCHO','Fundador',2005,2020,0),(135264,'CARGO_PARTIDARIO','FRENTE REGIONAL AYACUCHO','Vice Presidente',2005,2020,0),(135289,'LABORAL','UNIVERSIDAD CÉSAR VALLEJO S.A.C','JEFE DE IMAGEN Y COMUNICACIÓN -DOCENTE- ASESOR (EN DIFERENTES PERIODOS)',2007,2016,0),(135289,'LABORAL','CONGRESO DE LA REPÚBLICA','CONGRESISTA',2011,2016,0),(135289,'LABORAL','MINISTERIO DE RELACIONES EXTERIORES','EMBAJADOR EXTRAORDINARIO Y PLENIPOTENCIARIO EN LA REPÚBLICA ITALIANA',2016,2018,0),(135289,'LABORAL','CONGRESO DE LA REPÚBLICA','CONGRESISTA',2019,2020,0),(135289,'LABORAL','UNIVERSIDAD CÉSAR VALLEJO S.A.C','DOCENTE TIEMPO COMPLETO - COORDINADOR DE ESCUELA',2020,0,0),(135289,'CARGO_ELECCIONES','FRENTE INDEPENDIENTE MORALIZADOR','CONGRESISTA DE LA REPÚBLICA',2000,2001,0),(135289,'CARGO_ELECCIONES','FRENTE INDEPENDIENTE MORALIZADOR','CONGRESISTA DE LA REPÚBLICA',2001,2006,0),(135289,'CARGO_PARTIDARIO','ALIANZA PARA EL PROGRESO','Dirección Ejecutiva Nacional',2014,2018,0),(135289,'CARGO_PARTIDARIO','ALIANZA PARA EL PROGRESO','Secretario Ejecutivo Nacional',2019,2019,0),(135341,'LABORAL','CONGRESO DE LA REPUBLICA','CONGRESISTA DE LA REPUBLICA',2020,0,0),(135341,'LABORAL','CONGRESO DE LA REPUBLICA','CONGRESISTA DE LA REPUBLICA',2011,2016,0),(135341,'LABORAL','MINISTERIO DE LA MUJER Y POBLACIONES VULNERABLES','MINISTRO DE ESTADO',2014,2015,0),(135341,'CARGO_ELECCIONES','PERÚ POSIBLE','CONGRESISTA DE LA REPÚBLICA',2011,2016,0),(135341,'CARGO_PARTIDARIO','PERU POSIBLE','Secretaría Nacional de Política',2014,2016,0),(135341,'CARGO_PARTIDARIO','DESPERTAR NACIONAL','Fundador',2005,2007,0),(135388,'LABORAL','RENIEC','ABOGADA - JEFA DE OFICINA',2007,0,0),(135595,'LABORAL','CONGRESO DE LA REPUBLICA','CONGRESISTA',2016,2020,0),(135595,'CARGO_ELECCIONES','EL FRENTE AMPLIO POR JUSTICIA, VIDA Y LIBERTAD','CONGRESISTA DE LA REPÚBLICA',2016,2021,0),(135595,'CARGO_PARTIDARIO','EL FRENTE AMPLIO POR JUSTICIA, VIDA Y LIBERTAD','Coordinador General de la Comisión Política Nacional',2010,2014,0),(135595,'CARGO_PARTIDARIO','EL FRENTE AMPLIO POR JUSTICIA, VIDA Y LIBERTAD','Fundador',2010,0,0),(135605,'LABORAL','PACHAMAMA ALLIANCE PERU','CONSULTORA INDEPENDIENTE',2020,2020,0),(135605,'LABORAL','DEREHOS HUMANOS SIN FRONTERAS - OHSF','EVALUACION INSTITUCIONAL',2020,2020,0),(135605,'LABORAL','ASOCIACION NUESTRO SUR','DOCENTE SEMINARIO',2019,2019,0),(135605,'LABORAL','CENTRO PERUANO DE ESTUDIOS SOCIALES','INVESTIGACION PUEBLOS INDIGENAS',2017,2017,0),(135605,'LABORAL','ASOCIACION MOVIMIENTO NUEVO PERU','ADMINISTRADORA',2019,2020,0),(135605,'CARGO_ELECCIONES','GANA PERU','CONGRESISTA DE LA REPÚBLICA',2011,2016,0),(135685,'LABORAL','INSTITUTO DE FORMACION Y DESARROLLO DEL TALENTO PERUANO','PRESIDENTE DEL CONSEJO DIRECTIVO',2018,0,0),(135685,'LABORAL','UNIVERSIDAD RUIZ DE MONTOYA','DOCENTE',2019,2020,0),(135685,'LABORAL','PONTIFICIA UNIVERSIDAD CATOLICA DEL PERU','DOCENTE',2018,2019,0),(135685,'LABORAL','YALE UNIVERSITY','MAURICE R. GREENBERG WORLD FELLOWS PROGRAM- THE 2018 WORLD FELLOWS',2018,2018,0),(135685,'LABORAL','DN CONSULTORES SOCIEDAD ANONIMA CERRADA','ESTUDIO: \"ANALISIS COMPARATIVO DE POLITICAS DE GOBIERNO DIGITAL EN AMERICA LATINA\"',2017,2017,0),(135685,'CARGO_PARTIDARIO','PARTIDO MORADO','Comité Ejecutivo Nacional',2017,2018,0),(135685,'CARGO_PARTIDARIO','PARTIDO MORADO','Comité Ejecutivo Nacional - Presidente',2017,0,0),(135686,'LABORAL','UNIVERSIDAD CATOLICA SAN PABLO','SERVICIO DE APOYO COMO PONENTE',2020,2020,0),(135686,'LABORAL','ASOCIACION FE Y ALEGRIA DEL PERU','SERVICIO COMO COMENTARISTA',2020,2020,0),(135686,'LABORAL','MINISTERIO DE EDUCACIÓN','MINISTRA',2019,2020,0),(135686,'LABORAL','MINISTERIO DE EDUCACIÓN','EJECUTIVA TÉCNICA PARA EL CONSEJO NACIONAL DE EDUCACIÓN',2017,2019,0),(135686,'LABORAL','MINISTERIO DE EDUCACIÓN','CONSULTORA',2017,2017,0),(136156,'LABORAL','UNIVERSIDAD NACIONAL MAYOR DE SAN MARCOS','PROFESORA DOCENTE UNIVERSITARIA',1972,1973,0),(136156,'LABORAL','MUNICIPALIDAD PROVINCIAL DEL CALLAO','REGIDORA PROVINCIAL',2007,2010,0),(136156,'LABORAL','FUNDACION CANEVARO','PRESIDENTA DEL COMITE DE ADMINISTRACION',1993,1994,0),(136156,'LABORAL','BENEFICIENCIA PUBLICA DE LIMA','PRESIDENTA DE DIRECTORIO',1992,1994,0),(136156,'LABORAL','CONGRESO DE LA REPUBLICA','DIPUTADA',1990,1992,0),(136156,'CARGO_ELECCIONES','CAMBIO 90','DIPUTADO',1990,1992,0),(136156,'CARGO_ELECCIONES','MOVIMIENTO AMPLIO REGIONAL CALLAO','REGIDOR PROVINCIAL',2007,2010,0),(136156,'CARGO_PARTIDARIO','PERU PATRIA SEGURA','Presidente del Comité de Ética y Disciplina',2018,0,0),(136156,'CARGO_PARTIDARIO','PERU PATRIA SEGURA','Secretaria Nacional de Organización',2018,0,0),(136318,'LABORAL','PONTIFICIA UNIVERSIDAD CATOLICA DEL PERU','DIFRECTORA DEL FONDO EDITORIAL',2006,0,0),(136358,'LABORAL','ASOCIACIÓN FE Y ALEGRIA DEL PERÚ','ACOMPAÑANTE PEDAGÓGICA',2019,2020,0),(136358,'LABORAL','MUNICIPALIDAD DE CIENEGUILLA','SUBGERENCIA DE SALUD, SERVICIOS Y PROGRAMAS SOCIALES',2017,2017,0),(136358,'LABORAL','SERPAR/ SERVICIOS DE PARQUES DE LIMA - MML','GESTORA SOCIAL',2013,2014,0),(136358,'LABORAL','DIRECCIÓN REGIONAL DE EDUCACIÓN DE LIMA METROPOLITANA/MINISTERIO DE EDUCACIÓN','CONSULTORA EDUCATIVA',2017,2018,0),(136358,'LABORAL','ASOCIACION EDUCATIVA Y CULTURAL PERÚ SIGLO XXI','PRESIDENTA',2006,0,0),(136416,'LABORAL','COOPERACION','COORDINADOR DE PROGRAMA',1997,2020,0),(136416,'LABORAL','COMISION ECONOMICA PARA AMERICA LATINA','CONSULTOR',2019,2019,0),(136416,'LABORAL','NATURAL RESSOURSES GOVERNANCE INSTITUTE','CONSULTOR',2019,2019,0),(136416,'LABORAL','OXFAM','CONSULTOR',2018,2018,0),(136416,'LABORAL','FUNDACION FRIEDRICH EBERT','CONSULTOR',2017,2019,0),(136416,'CARGO_PARTIDARIO','EL FRENTE AMPLIO POR JUSTICIA, VIDA Y LIBERTAD','Fundador',2010,2016,0),(136416,'CARGO_PARTIDARIO','EL FRENTE AMPLIO POR JUSTICIA, VIDA Y LIBERTAD','Miembro de la Comisión Política Nacional',2014,2016,0),(136484,'LABORAL','OTAROLA & PRIALE ABOGADOS ASOCIADOS SOCIEDAD CIVIL DE RESPONSABILIDAD LIMITADA','ABOGADO',2016,0,0),(136528,'LABORAL','ONG ALTERNATIVA','JUBILADA',1989,2005,0),(136528,'CARGO_PARTIDARIO','JUNTOS POR EL PERU','Secretaría  Nacional de la Mujer y Poblaciones Vulnerables',2017,0,0),(136528,'CARGO_PARTIDARIO','JUNTOS','Delegado',2019,2019,0),(136564,'LABORAL','COOPERATIVA SAN CRISTOBAL DE HUAMANGA','AUXILIAR DE OPERACIONES',2009,2016,0),(136570,'LABORAL','E&D COMPUTER MARKET S.C.R.L','GERENTE',2009,2020,0),(136570,'LABORAL','COMPUCHAME EIRL','TITULAR GERENTE',2012,0,0),(136570,'LABORAL','ORGANIZACIÓN NO GUBERNAMENTAL INSTITUTO REFORMA Y DEMOCRACIA','PRESIDENTE',2009,0,0),(136570,'LABORAL','EMPENDIENDO CAMINO','PRESIDENTE',2004,0,0),(136570,'LABORAL','COMPUDISKETT S.R.L','GERENTE COMERCIAL',1994,0,0),(136570,'CARGO_PARTIDARIO','FRENTE AMPLIO PERUANO','Fundador',2010,2010,0),(136570,'CARGO_PARTIDARIO','FRENTE AMPLIO PERUANO','Secretaría de Desarrollo Económico',2010,2010,0),(136626,'LABORAL','UNIVERSIDAD CESAR VALLEJO','ASESOR',2019,0,0),(136626,'LABORAL','UNIVERSIDAD CESAR VALLEJO','PRESIDENTE DEL DIRECTORIO',1999,2019,0),(136626,'LABORAL','UNIVERSIDAD CESAR VALLEJO','GERENTE GENERAL',2005,2007,0),(136626,'LABORAL','UNIVERSIDAD CESAR VALLEJO','GERENTE GENERAL',1999,1999,0),(136626,'CARGO_ELECCIONES','SOLIDARIDAD NACIONAL','CONGRESISTA DE LA REPÚBLICA',2000,2001,0),(136626,'CARGO_ELECCIONES','ALIANZA ELECTORAL UNIDAD NACIONAL','CONGRESISTA DE LA REPÚBLICA',2001,2006,0),(136626,'CARGO_PARTIDARIO','ALIANZA PARA EL PROGRESO','Apoderado',2007,2010,0),(136626,'CARGO_PARTIDARIO','ALIANZA PARA EL PROGRESO','Dirección Ejecutiva Nacional',2019,0,0),(136938,'CARGO_ELECCIONES','ALIANZA NUEVA MAYORIA - CAMBIO 90','CONGRESISTA CONSTITUYENTE',2019,0,0),(136938,'CARGO_ELECCIONES','CAMBIO 90 - NUEVA MAYORIA','CONGRESISTA DE LA REPÚBLICA',1995,2000,0),(136938,'CARGO_PARTIDARIO','PERU PATRIA SEGURA','Fundador',2005,0,0),(136938,'CARGO_PARTIDARIO','PERU PATRIA SEGURA','Jefe de Partido',2005,2010,0),(136953,'LABORAL','INVERSIONES LORD & GOLDMAN SAC','GERENTE GENERAL',2015,2020,0),(136953,'CARGO_ELECCIONES','ALIANZA ELECTORAL UNIDAD NACIONAL','ALCALDE DISTRITAL',2007,2010,0),(136953,'CARGO_ELECCIONES','PARTIDO POPULAR CRISTIANO - PPC','ALCALDE DISTRITAL',2011,2014,0),(137542,'LABORAL','MUNICIPALIDAD DE LA VICTORIA','ALCALDE DISTRITAL',2019,2020,0),(137542,'LABORAL','CLUB ALIANZA LIMA','REPRESENTANTE DE CREDITO LABORAL',2012,2020,0),(137542,'LABORAL','LOS M S.A.C.','GERENTE GENERAL',2017,0,0),(137542,'LABORAL','CLUB ALIANZA LIMA','FUTBOLISTA PROFESIONAL',2008,2016,0),(137542,'LABORAL','MUNICIPALIDAD DISTRITAL DE LA VICTORIA','REGIDOR DISTRITAL',2011,2014,0),(137542,'CARGO_ELECCIONES','PARTIDO POPULAR CRISTIANO - PPC - UNIDAD NACIONAL','REGIDOR DISTRITAL',2011,2014,0),(137542,'CARGO_ELECCIONES','PARTIDO DEMOCRATICO SOMOS PERU','ALCALDE DISTRITAL',2019,2022,0),(137757,'LABORAL','ESSALUD','GERENTE DE LA PERSONA ADULTO MAYOR Y PRESTACIONES SOCIALES',2011,2016,0),(137757,'CARGO_PARTIDARIO','PARTIDO NACIONALISTA PERUANO','Miembro del Comité Ejecutivo Nacional',2010,2013,0),(137757,'CARGO_PARTIDARIO','PARTIDO NACIONALISTA PERUANO','Miembros Titulares del Comité Electoral Nacional',2019,2020,0),(137760,'LABORAL','PARTIDO NACIONALISTA PERUANO','PRESIDENTE',2016,0,0),(137760,'LABORAL','DESPACHO PRESIDENCIAL DE LA REPUBLICA','PRESIDENTE DE LA REPUBLICA',2011,2016,0),(137760,'CARGO_ELECCIONES','GANA PERU','PRESIDENTE DE LA REPÚBLICA',2011,2016,0),(137760,'CARGO_PARTIDARIO','PARTIDO NACIONALISTA PERUANO','Fundador',2005,0,0),(137760,'CARGO_PARTIDARIO','PARTIDO NACIONALISTA PERUANO','Presidente',2017,0,0),(137777,'LABORAL','UNIVERSIDAD SAN IGNACIO DE LOYOLA','DOCENTE UNIVERSITARIA',2012,2020,0),(137777,'LABORAL','UNIVERSIDAD NACIONAL FEDERICO VILLARREAL','DOCENTE',2012,2020,0),(137777,'LABORAL','UNIVERSIDAD PERUANA UNION','DOCENTE',2013,2020,0),(137777,'LABORAL','UNIVERSIDAD CONTINENTAL','DOCENTE',2020,2020,0),(137777,'CARGO_ELECCIONES','PARTIDO APRISTA PERUANO','REPRESENTANTE DE ASAMBLEA REGIONAL',1990,1992,0),(137777,'CARGO_ELECCIONES','PARTIDO APRISTA PERUANO','CONGRESISTA DE LA REPÚBLICA',2006,2011,0),(137777,'CARGO_PARTIDARIO','PARTIDO APRISTA PERUANO','Comité Ejecutivo Nacional - Dimension Institucional',2004,2010,0),(137777,'CARGO_PARTIDARIO','PARTIDO APRISTA PERUANO','Integrante de la Comisión Política Nacional',2010,2017,0),(137792,'LABORAL','I.E. 104565, PUÑA, TACABAMBA, CHOTA','DOCENTE',1995,0,0),(137792,'CARGO_PARTIDARIO','PARTIDO POLÍTICO PERU POSIBLE','MIEMBRO DEL COMITÉ DEL DPTO: CAJAMARCA',2005,2017,0),(137806,'LABORAL','MAXIMIXE CONSULT S.A.','PRESIDENTE EJECUTIVO',1995,0,0),(137806,'LABORAL','FINANCIERA MAF PERU','PRESIDENTE DE DIRECTORIO - DIRECTOR INDEPENDIENTE',2013,0,0),(137840,'LABORAL','KAYSON PERÚ SAC','ASISTENTE DE MARKETING',2018,0,0),(137888,'LABORAL','UNIVERSIDAD DE SAN MARTIN DE PORRES','DIRECTOR ACADEMICO - DOCENTE',2010,2020,0),(137888,'LABORAL','PCM PROGRAMA DE APOYO A LOS MAS POBRES JUNTOS','PRESIDENTE CONCEJO DIRECTIVO',2008,2011,0),(137888,'LABORAL','MINISTERIO DE LA MUJER Y DESARROLLO SOCIAL','JEFE DE GABINETE DE ASESORES',2010,2011,0),(137888,'LABORAL','MINISTERIO DE LA MUJER Y DESARROLLO SOCIAL','ASESOR ALTA DIRECCION',2011,2011,0),(137907,'LABORAL','UNIVERSIDAD PRIVADA ANTENOR ORREGO','DOCENTE UNIVERSITARIO',2012,2020,0),(137907,'CARGO_ELECCIONES','PARTIDO APRISTA PERUANO','REGIDOR PROVINCIAL',2019,2022,0),(137907,'CARGO_ELECCIONES','PARTIDO POLÍTICO PARTIDO APRISTA PERUANO','CONGRESISTA DE LA REPÚBLICA',2008,2011,0),(137907,'CARGO_PARTIDARIO','PARTIDO POLÍTICO PARTIDO APRISTA PERUANO','SECRETARIA DE ORGANIZACION JAP',1982,1985,0),(137907,'CARGO_PARTIDARIO','PARTIDO POLÍTICO PARTIDO APRISTA PERUANO','DIRECTORA REGIONAL ACTIVISMO POLITICO',2003,2005,0),(138023,'LABORAL','TERMINAL PESQUERO DE VENTANILLA','AYUDANTE DE VENTAS',2009,2020,0);
/*!40000 ALTER TABLE `experiencia` ENABLE KEYS */;
UNLOCK TABLES;

--
-- Table structure for table `ingreso`
--

DROP TABLE IF EXISTS `ingreso`;
/*!40101 SET @saved_cs_client     = @@character_set_client */;
/*!40101 SET character_set_client = utf8 */;
CREATE TABLE `ingreso` (
  `hoja_vida_id` mediumint(9) DEFAULT NULL,
  `remuneracion_bruta_publico` decimal(9,2) DEFAULT NULL,
  `remuneracion_bruta_privado` decimal(8,2) DEFAULT NULL,
  `renta_individual_publico` decimal(8,1) DEFAULT NULL,
  `renta_individual_privado` decimal(7,1) DEFAULT NULL,
  `otro_ingreso_publico` decimal(8,1) DEFAULT NULL,
  `otro_ingreso_privado` decimal(7,1) DEFAULT NULL,
  `total_remuneracion_bruta` decimal(9,2) DEFAULT NULL,
  `total_renta` decimal(8,1) DEFAULT NULL,
  `total_otro` decimal(8,1) DEFAULT NULL,
  `total` decimal(9,2) DEFAULT NULL,
  `total_privado` decimal(9,2) DEFAULT NULL,
  `total_publico` decimal(8,2) DEFAULT NULL
) ENGINE=InnoDB DEFAULT CHARSET=utf8mb4;
/*!40101 SET character_set_client = @saved_cs_client */;

--
-- Dumping data for table `ingreso`
--

LOCK TABLES `ingreso` WRITE;
/*!40000 ALTER TABLE `ingreso` DISABLE KEYS */;
INSERT INTO `ingreso` VALUES (133825,0.00,0.00,26600.0,37800.0,0.0,103876.0,0.00,64400.0,103876.0,168276.00,26600.00,141676.00),(133837,0.00,70000.00,0.0,0.0,122100.0,0.0,0.00,0.0,122100.0,192100.00,122100.00,70000.00),(133878,222526.74,0.00,0.0,0.0,0.0,0.0,445053.48,0.0,0.0,222526.74,222526.74,0.00),(133886,428574.19,0.00,105000.0,0.0,72000.0,0.0,857148.38,105000.0,72000.0,605574.19,605574.19,0.00),(133901,7277.00,125400.00,0.0,0.0,0.0,0.0,14554.00,0.0,0.0,132677.00,7277.00,125400.00),(134119,21270.00,0.00,1031043.0,0.0,0.0,0.0,42540.00,1031043.0,0.0,1052313.00,1052313.00,0.00),(134120,0.00,0.00,24000.0,0.0,0.0,0.0,0.00,24000.0,0.0,24000.00,24000.00,0.00),(134121,529601.00,0.00,0.0,0.0,0.0,0.0,1059202.00,0.0,0.0,529601.00,529601.00,0.00),(134124,0.00,30000.00,0.0,0.0,0.0,0.0,0.00,0.0,0.0,30000.00,0.00,30000.00),(134127,0.00,224273.84,0.0,0.0,16800.0,0.0,0.00,0.0,16800.0,241073.84,16800.00,224273.84),(134133,52133.00,0.00,9500.0,0.0,0.0,0.0,104266.00,9500.0,0.0,61633.00,61633.00,0.00),(134372,0.00,49917.42,0.0,0.0,0.0,0.0,0.00,0.0,0.0,49917.42,0.00,49917.42),(134377,0.00,300000.00,48000.0,0.0,24000.0,0.0,0.00,48000.0,24000.0,372000.00,72000.00,300000.00),(134382,0.00,235782.00,0.0,0.0,0.0,0.0,0.00,0.0,0.0,235782.00,0.00,235782.00),(134453,804.10,0.00,11160.0,0.0,0.0,0.0,1608.20,11160.0,0.0,11964.10,11964.10,0.00),(134807,0.00,0.00,32800.0,0.0,0.0,0.0,0.00,32800.0,0.0,32800.00,32800.00,0.00),(134834,42540.00,0.00,0.0,17600.0,29318.0,0.0,85080.00,17600.0,29318.0,89458.00,71858.00,17600.00),(134910,0.00,0.00,62000.0,0.0,105792.0,0.0,0.00,62000.0,105792.0,167792.00,167792.00,0.00),(134911,0.00,0.00,0.0,0.0,0.0,0.0,0.00,0.0,0.0,0.00,0.00,0.00),(134912,0.00,0.00,0.0,0.0,0.0,0.0,0.00,0.0,0.0,0.00,0.00,0.00),(134923,0.00,6345.00,421976.0,0.0,7220660.0,0.0,0.00,421976.0,7220660.0,7648981.00,7642636.00,6345.00),(134937,0.00,27600.00,0.0,0.0,0.0,0.0,0.00,0.0,0.0,27600.00,0.00,27600.00),(134943,0.00,0.00,249075.0,0.0,1343135.0,0.0,0.00,249075.0,1343135.0,1592210.00,1592210.00,0.00),(134976,22464.00,0.00,0.0,152403.0,0.0,0.0,44928.00,152403.0,0.0,174867.00,22464.00,152403.00),(134982,10343.00,0.00,900.0,0.0,0.0,89317.0,20686.00,900.0,89317.0,100560.00,11243.00,89317.00),(135152,34000.00,0.00,30710.0,0.0,52174.0,31395.0,68000.00,30710.0,83569.0,148279.00,116884.00,31395.00),(135264,0.00,0.00,2600.0,0.0,0.0,0.0,0.00,2600.0,0.0,2600.00,2600.00,0.00),(135289,187283.94,54906.35,0.0,0.0,0.0,0.0,374567.88,0.0,0.0,242190.29,187283.94,54906.35),(135341,0.00,0.00,0.0,0.0,0.0,0.0,0.00,0.0,0.0,0.00,0.00,0.00),(135388,0.00,0.00,0.0,46720.0,19800.0,0.0,0.00,46720.0,19800.0,66520.00,19800.00,46720.00),(135595,0.00,278606.40,0.0,0.0,0.0,0.0,0.00,0.0,0.0,278606.40,0.00,278606.40),(135605,24448.00,0.00,36150.0,0.0,0.0,0.0,48896.00,36150.0,0.0,60598.00,60598.00,0.00),(135685,144022.00,0.00,0.0,0.0,0.0,0.0,288044.00,0.0,0.0,144022.00,144022.00,0.00),(135686,0.00,337167.00,0.0,46744.0,0.0,0.0,0.00,46744.0,0.0,383911.00,0.00,383911.00),(136156,0.00,116788.00,0.0,0.0,0.0,0.0,0.00,0.0,0.0,116788.00,0.00,116788.00),(136318,227026.36,0.00,0.0,0.0,114182.0,0.0,454052.72,0.0,114182.0,341208.36,341208.36,0.00),(136358,14000.00,0.00,0.0,0.0,0.0,0.0,28000.00,0.0,0.0,14000.00,14000.00,0.00),(136416,206228.00,0.00,52319.0,0.0,77846.0,0.0,412456.00,52319.0,77846.0,336393.00,336393.00,0.00),(136484,0.00,0.00,62233.0,0.0,0.0,0.0,0.00,62233.0,0.0,62233.00,62233.00,0.00),(136528,4980.00,0.00,0.0,0.0,0.0,0.0,9960.00,0.0,0.0,4980.00,4980.00,0.00),(136564,0.00,0.00,0.0,0.0,0.0,0.0,0.00,0.0,0.0,0.00,0.00,0.00),(136570,24000.00,0.00,0.0,0.0,107145.0,0.0,48000.00,0.0,107145.0,131145.00,131145.00,0.00),(136626,3063448.00,0.00,0.0,0.0,6508000.0,0.0,6126896.00,0.0,6508000.0,9571448.00,9571448.00,0.00),(136938,0.00,100812.00,0.0,0.0,0.0,0.0,0.00,0.0,0.0,100812.00,0.00,100812.00),(136953,0.00,0.00,0.0,0.0,2241500.0,0.0,0.00,0.0,2241500.0,2241500.00,2241500.00,0.00),(137542,0.00,136800.00,0.0,0.0,0.0,0.0,0.00,0.0,0.0,136800.00,0.00,136800.00),(137757,0.00,0.00,0.0,0.0,17625.6,0.0,0.00,0.0,17625.6,17625.60,17625.60,0.00),(137760,0.00,0.00,0.0,0.0,0.0,218400.0,0.00,0.0,218400.0,218400.00,0.00,218400.00),(137777,65359.00,0.00,48512.0,0.0,0.0,0.0,130718.00,48512.0,0.0,113871.00,113871.00,0.00),(137792,0.00,63323.64,0.0,0.0,0.0,0.0,0.00,0.0,0.0,63323.64,0.00,63323.64),(137806,0.00,0.00,208152.0,34650.0,156000.0,0.0,0.00,242802.0,156000.0,398802.00,364152.00,34650.00),(137840,0.00,0.00,21600.0,0.0,0.0,0.0,0.00,21600.0,0.0,21600.00,21600.00,0.00),(137888,171565.00,0.00,22289.0,0.0,140000.0,0.0,343130.00,22289.0,140000.0,333854.00,333854.00,0.00),(137907,37401.66,0.00,0.0,0.0,0.0,37440.0,74803.32,0.0,37440.0,74841.66,37401.66,37440.00),(137910,0.00,0.00,0.0,0.0,0.0,0.0,0.00,0.0,0.0,0.00,0.00,0.00),(138023,0.00,0.00,0.0,0.0,0.0,0.0,0.00,0.0,0.0,0.00,0.00,0.00);
/*!40000 ALTER TABLE `ingreso` ENABLE KEYS */;
UNLOCK TABLES;

--
-- Table structure for table `sentencia_civil`
--

DROP TABLE IF EXISTS `sentencia_civil`;
/*!40101 SET @saved_cs_client     = @@character_set_client */;
/*!40101 SET character_set_client = utf8 */;
CREATE TABLE `sentencia_civil` (
  `hoja_vida_id` mediumint(9) DEFAULT NULL,
  `materia_sentencia` varchar(21) DEFAULT NULL,
  `expediente_obliga` varchar(26) DEFAULT NULL,
  `organo_judicial_obliga` varchar(41) DEFAULT NULL,
  `fallo_obliga` varchar(88) DEFAULT NULL
) ENGINE=InnoDB DEFAULT CHARSET=utf8mb4;
/*!40101 SET character_set_client = @saved_cs_client */;

--
-- Dumping data for table `sentencia_civil`
--

LOCK TABLES `sentencia_civil` WRITE;
/*!40000 ALTER TABLE `sentencia_civil` DISABLE KEYS */;
INSERT INTO `sentencia_civil` VALUES (134119,'LABORAL','00219-2008-0-1501-JR-LA-01','1°JUZGADO TRANSITORIO LABORAL HUANCAYO','SENTENCIA LABORAL PAGO INDEMNIZACION POR SUPUESTO DESPIDO ARBITRARIO - FECHA: 21/12/2009'),(134119,'LABORAL','0039-2015-0-1501','3°JUZGADO TRANSITORIO LABORAL DE HUANCAYO','PAGO INDEMNIZACION POR DESPIDO'),(134382,'FAMILIA / ALIMENTARIA','04168-2017','QUINTO JUZGADO DE FAMILIA DE TRUJILLO','DISUELTO EL VINCULO MATRIMONIAL'),(134937,'LABORAL','695-2009','JUZGADO PENAL','RESERVA DE FALLO CONTRA LA ADMINISTRACION PUBLICA-ABUSO DE PODER'),(135341,'LABORAL','00251-2015-0-1801-JP-LA-02','SEGUNDO JUZGADO DE PAZ LETRADO LABORAL','FUNDADA EN PARTE SE DA POR COMPENSADA LA OBLIGACION Y ARCHIVADO');
/*!40000 ALTER TABLE `sentencia_civil` ENABLE KEYS */;
UNLOCK TABLES;

--
-- Table structure for table `sentencia_penal`
--

DROP TABLE IF EXISTS `sentencia_penal`;
/*!40101 SET @saved_cs_client     = @@character_set_client */;
/*!40101 SET character_set_client = utf8 */;
CREATE TABLE `sentencia_penal` (
  `hoja_vida_id` varchar(0) DEFAULT NULL,
  `expediente_penal` varchar(0) DEFAULT NULL,
  `organo_penal_judicial` varchar(0) DEFAULT NULL,
  `delito_penal` varchar(0) DEFAULT NULL,
  `fallo_penal` varchar(0) DEFAULT NULL,
  `modalidad` varchar(0) DEFAULT NULL,
  `cumple_fallo` varchar(0) DEFAULT NULL
) ENGINE=InnoDB DEFAULT CHARSET=utf8mb4;
/*!40101 SET character_set_client = @saved_cs_client */;

--
-- Dumping data for table `sentencia_penal`
--

LOCK TABLES `sentencia_penal` WRITE;
/*!40000 ALTER TABLE `sentencia_penal` DISABLE KEYS */;
/*!40000 ALTER TABLE `sentencia_penal` ENABLE KEYS */;
UNLOCK TABLES;
/*!40103 SET TIME_ZONE=@OLD_TIME_ZONE */;

/*!40101 SET SQL_MODE=@OLD_SQL_MODE */;
/*!40014 SET FOREIGN_KEY_CHECKS=@OLD_FOREIGN_KEY_CHECKS */;
/*!40014 SET UNIQUE_CHECKS=@OLD_UNIQUE_CHECKS */;
/*!40101 SET CHARACTER_SET_CLIENT=@OLD_CHARACTER_SET_CLIENT */;
/*!40101 SET CHARACTER_SET_RESULTS=@OLD_CHARACTER_SET_RESULTS */;
/*!40101 SET COLLATION_CONNECTION=@OLD_COLLATION_CONNECTION */;
/*!40111 SET SQL_NOTES=@OLD_SQL_NOTES */;

-- Dump completed on 2019-08-22 15:20:26
